pb,massnahme_id,konto,richtung,jahr,wertart,betrag,pdf_seite
01,010601,783112,auszahlung,2024,ergebnis,0,67
01,010601,783112,auszahlung,2025,ansatz,3000,67
01,010601,783112,auszahlung,2026,ansatz,3000,67
01,010601,783112,auszahlung,2026,ve,0,67
01,010601,783112,auszahlung,2027,planung,0,67
01,010601,783112,auszahlung,2028,planung,0,67
01,010601,783112,auszahlung,2029,planung,0,67
01,010603,784011,auszahlung,2024,ergebnis,0,67
01,010603,784011,auszahlung,2025,ansatz,500000,67
01,010603,784011,auszahlung,2026,ansatz,0,67
01,010603,784011,auszahlung,2026,ve,0,67
01,010603,784011,auszahlung,2027,planung,0,67
01,010603,784011,auszahlung,2028,planung,0,67
01,010603,784011,auszahlung,2029,planung,0,67
01,011101,782111,auszahlung,2024,ergebnis,5071,67
01,011101,782111,auszahlung,2025,ansatz,0,67
01,011101,782111,auszahlung,2026,ansatz,0,67
01,011101,782111,auszahlung,2026,ve,0,67
01,011101,782111,auszahlung,2027,planung,0,67
01,011101,782111,auszahlung,2028,planung,0,67
01,011101,782111,auszahlung,2029,planung,0,67
01,011101,783112,auszahlung,2024,ergebnis,0,67
01,011101,783112,auszahlung,2025,ansatz,12000,67
01,011101,783112,auszahlung,2026,ansatz,0,67
01,011101,783112,auszahlung,2026,ve,0,67
01,011101,783112,auszahlung,2027,planung,0,67
01,011101,783112,auszahlung,2028,planung,0,67
01,011101,783112,auszahlung,2029,planung,0,67
01,011201,785111,auszahlung,2024,ergebnis,0,67
01,011201,785111,auszahlung,2025,ansatz,150000,67
01,011201,785111,auszahlung,2026,ansatz,150000,67
01,011201,785111,auszahlung,2026,ve,0,67
01,011201,785111,auszahlung,2027,planung,0,67
01,011201,785111,auszahlung,2028,planung,0,67
01,011201,785111,auszahlung,2029,planung,0,67
01,011204,782112,auszahlung,2024,ergebnis,-213001,67
01,011204,782112,auszahlung,2025,ansatz,2300000,67
01,011204,782112,auszahlung,2026,ansatz,650000,67
01,011204,782112,auszahlung,2026,ve,0,67
01,011204,782112,auszahlung,2027,planung,0,67
01,011204,782112,auszahlung,2028,planung,0,67
01,011204,782112,auszahlung,2029,planung,0,67
01,AIBH010602,782113,auszahlung,2024,ergebnis,50,68
01,AIBH010602,782113,auszahlung,2025,ansatz,0,68
01,AIBH010602,782113,auszahlung,2026,ansatz,0,68
01,AIBH010602,782113,auszahlung,2026,ve,0,68
01,AIBH010602,782113,auszahlung,2027,planung,0,68
01,AIBH010602,782113,auszahlung,2028,planung,0,68
01,AIBH010602,782113,auszahlung,2029,planung,0,68
01,AIBH010602,785111,auszahlung,2024,ergebnis,988,68
01,AIBH010602,785111,auszahlung,2025,ansatz,300000,68
01,AIBH010602,785111,auszahlung,2026,ansatz,250000,68
01,AIBH010602,785111,auszahlung,2026,ve,0,68
01,AIBH010602,785111,auszahlung,2027,planung,300000,68
01,AIBH010602,785111,auszahlung,2028,planung,0,68
01,AIBH010602,785111,auszahlung,2029,planung,0,68
01,AIBH012,782113,auszahlung,2024,ergebnis,0,67
01,AIBH012,782113,auszahlung,2025,ansatz,100000,67
01,AIBH012,782113,auszahlung,2026,ansatz,0,67
01,AIBH012,782113,auszahlung,2026,ve,0,67
01,AIBH012,782113,auszahlung,2027,planung,0,67
01,AIBH012,782113,auszahlung,2028,planung,0,67
01,AIBH012,782113,auszahlung,2029,planung,0,67
01,BAUG001,782112,auszahlung,2024,ergebnis,0,68
01,BAUG001,782112,auszahlung,2025,ansatz,0,68
01,BAUG001,782112,auszahlung,2026,ansatz,1000000,68
01,BAUG001,782112,auszahlung,2026,ve,0,68
01,BAUG001,782112,auszahlung,2027,planung,0,68
01,BAUG001,782112,auszahlung,2028,planung,0,68
01,BAUG001,782112,auszahlung,2029,planung,0,68
01,BGA010601,783111,auszahlung,2024,ergebnis,3480,68
01,BGA010601,783111,auszahlung,2025,ansatz,0,68
01,BGA010601,783111,auszahlung,2026,ansatz,5000,68
01,BGA010601,783111,auszahlung,2026,ve,0,68
01,BGA010601,783111,auszahlung,2027,planung,5000,68
01,BGA010601,783111,auszahlung,2028,planung,5000,68
01,BGA010601,783111,auszahlung,2029,planung,5000,68
01,BGA010602,783111,auszahlung,2024,ergebnis,949,68
01,BGA010602,783111,auszahlung,2025,ansatz,3500,68
01,BGA010602,783111,auszahlung,2026,ansatz,20000,68
01,BGA010602,783111,auszahlung,2026,ve,0,68
01,BGA010602,783111,auszahlung,2027,planung,4000,68
01,BGA010602,783111,auszahlung,2028,planung,4000,68
01,BGA010602,783111,auszahlung,2029,planung,4000,68
01,BGAFB4,783111,auszahlung,2024,ergebnis,0,68
01,BGAFB4,783111,auszahlung,2025,ansatz,5000,68
01,BGAFB4,783111,auszahlung,2026,ansatz,2500,68
01,BGAFB4,783111,auszahlung,2026,ve,0,68
01,BGAFB4,783111,auszahlung,2027,planung,2500,68
01,BGAFB4,783111,auszahlung,2028,planung,3000,68
01,BGAFB4,783111,auszahlung,2029,planung,3000,68
01,BÜR010601,783111,auszahlung,2024,ergebnis,0,68
01,BÜR010601,783111,auszahlung,2025,ansatz,5000,68
01,BÜR010601,783111,auszahlung,2026,ansatz,5000,68
01,BÜR010601,783111,auszahlung,2026,ve,0,68
01,BÜR010601,783111,auszahlung,2027,planung,5000,68
01,BÜR010601,783111,auszahlung,2028,planung,5000,68
01,BÜR010601,783111,auszahlung,2029,planung,0,68
01,EDVH001,783112,auszahlung,2024,ergebnis,35836,69
01,EDVH001,783112,auszahlung,2025,ansatz,0,69
01,EDVH001,783112,auszahlung,2026,ansatz,25000,69
01,EDVH001,783112,auszahlung,2026,ve,0,69
01,EDVH001,783112,auszahlung,2027,planung,30000,69
01,EDVH001,783112,auszahlung,2028,planung,0,69
01,EDVH001,783112,auszahlung,2029,planung,0,69
01,FAHRZ004,783112,auszahlung,2024,ergebnis,50126,69
01,FAHRZ004,783112,auszahlung,2025,ansatz,226500,69
01,FAHRZ004,783112,auszahlung,2026,ansatz,132500,69
01,FAHRZ004,783112,auszahlung,2026,ve,0,69
01,FAHRZ004,783112,auszahlung,2027,planung,50000,69
01,FAHRZ004,783112,auszahlung,2028,planung,50000,69
01,FAHRZ004,783112,auszahlung,2029,planung,50000,69
01,FINANL001,784011,auszahlung,2024,ergebnis,50000,69
01,FINANL001,784011,auszahlung,2025,ansatz,50000,69
01,FINANL001,784011,auszahlung,2026,ansatz,50000,69
01,FINANL001,784011,auszahlung,2026,ve,0,69
01,FINANL001,784011,auszahlung,2027,planung,50000,69
01,FINANL001,784011,auszahlung,2028,planung,50000,69
01,FINANL001,784011,auszahlung,2029,planung,50000,69
01,GRDST002,682111,einzahlung,2024,ergebnis,0,69
01,GRDST002,682111,einzahlung,2025,ansatz,122220,69
01,GRDST002,682111,einzahlung,2026,ansatz,0,69
01,GRDST002,682111,einzahlung,2026,ve,0,69
01,GRDST002,682111,einzahlung,2027,planung,0,69
01,GRDST002,682111,einzahlung,2028,planung,0,69
01,GRDST002,682111,einzahlung,2029,planung,0,69
01,GRDST006,682111,einzahlung,2024,ergebnis,112014,69
01,GRDST006,682111,einzahlung,2025,ansatz,1292770,69
01,GRDST006,682111,einzahlung,2026,ansatz,774000,69
01,GRDST006,682111,einzahlung,2026,ve,0,69
01,GRDST006,682111,einzahlung,2027,planung,704640,69
01,GRDST006,682111,einzahlung,2028,planung,936205,69
01,GRDST006,682111,einzahlung,2029,planung,0,69
01,GRDST006,688101,einzahlung,2024,ergebnis,-18590,69
01,GRDST006,688101,einzahlung,2025,ansatz,0,69
01,GRDST006,688101,einzahlung,2026,ansatz,0,69
01,GRDST006,688101,einzahlung,2026,ve,0,69
01,GRDST006,688101,einzahlung,2027,planung,0,69
01,GRDST006,688101,einzahlung,2028,planung,0,69
01,GRDST006,688101,einzahlung,2029,planung,0,69
01,GRDST006,782112,auszahlung,2024,ergebnis,188679,69
01,GRDST006,782112,auszahlung,2025,ansatz,0,69
01,GRDST006,782112,auszahlung,2026,ansatz,431384,69
01,GRDST006,782112,auszahlung,2026,ve,0,69
01,GRDST006,782112,auszahlung,2027,planung,0,69
01,GRDST006,782112,auszahlung,2028,planung,0,69
01,GRDST006,782112,auszahlung,2029,planung,0,69
01,GRDST007,782112,auszahlung,2024,ergebnis,123427,69
01,GRDST007,782112,auszahlung,2025,ansatz,1675000,69
01,GRDST007,782112,auszahlung,2026,ansatz,0,69
01,GRDST007,782112,auszahlung,2026,ve,0,69
01,GRDST007,782112,auszahlung,2027,planung,0,69
01,GRDST007,782112,auszahlung,2028,planung,0,69
01,GRDST007,782112,auszahlung,2029,planung,0,69
01,GRDST007,782114,auszahlung,2024,ergebnis,2981,69
01,GRDST007,782114,auszahlung,2025,ansatz,0,69
01,GRDST007,782114,auszahlung,2026,ansatz,0,69
01,GRDST007,782114,auszahlung,2026,ve,0,69
01,GRDST007,782114,auszahlung,2027,planung,0,69
01,GRDST007,782114,auszahlung,2028,planung,0,69
01,GRDST007,782114,auszahlung,2029,planung,0,69
01,GRDST012,682111,einzahlung,2024,ergebnis,1987185,70
01,GRDST012,682111,einzahlung,2025,ansatz,1785000,70
01,GRDST012,682111,einzahlung,2026,ansatz,1471830,70
01,GRDST012,682111,einzahlung,2026,ve,0,70
01,GRDST012,682111,einzahlung,2027,planung,1477000,70
01,GRDST012,682111,einzahlung,2028,planung,1768100,70
01,GRDST012,682111,einzahlung,2029,planung,1080000,70
01,GRDST012,782112,auszahlung,2024,ergebnis,47330,70
01,GRDST012,782112,auszahlung,2025,ansatz,0,70
01,GRDST012,782112,auszahlung,2026,ansatz,0,70
01,GRDST012,782112,auszahlung,2026,ve,0,70
01,GRDST012,782112,auszahlung,2027,planung,0,70
01,GRDST012,782112,auszahlung,2028,planung,0,70
01,GRDST012,782112,auszahlung,2029,planung,0,70
01,GRDST013,682111,einzahlung,2024,ergebnis,0,70
01,GRDST013,682111,einzahlung,2025,ansatz,0,70
01,GRDST013,682111,einzahlung,2026,ansatz,0,70
01,GRDST013,682111,einzahlung,2026,ve,0,70
01,GRDST013,682111,einzahlung,2027,planung,0,70
01,GRDST013,682111,einzahlung,2028,planung,812623,70
01,GRDST013,682111,einzahlung,2029,planung,750000,70
01,GRDST013,782112,auszahlung,2024,ergebnis,5748,70
01,GRDST013,782112,auszahlung,2025,ansatz,200000,70
01,GRDST013,782112,auszahlung,2026,ansatz,0,70
01,GRDST013,782112,auszahlung,2026,ve,0,70
01,GRDST013,782112,auszahlung,2027,planung,0,70
01,GRDST013,782112,auszahlung,2028,planung,0,70
01,GRDST013,782112,auszahlung,2029,planung,0,70
01,GRDST015,782112,auszahlung,2024,ergebnis,0,70
01,GRDST015,782112,auszahlung,2025,ansatz,0,70
01,GRDST015,782112,auszahlung,2026,ansatz,0,70
01,GRDST015,782112,auszahlung,2026,ve,0,70
01,GRDST015,782112,auszahlung,2027,planung,450000,70
01,GRDST015,782112,auszahlung,2028,planung,450000,70
01,GRDST015,782112,auszahlung,2029,planung,0,70
01,KITA002,785111,auszahlung,2024,ergebnis,101143,70
01,KITA002,785111,auszahlung,2025,ansatz,0,70
01,KITA002,785111,auszahlung,2026,ansatz,25000,70
01,KITA002,785111,auszahlung,2026,ve,0,70
01,KITA002,785111,auszahlung,2027,planung,0,70
01,KITA002,785111,auszahlung,2028,planung,0,70
01,KITA002,785111,auszahlung,2029,planung,0,70
01,KLIMA1,783112,auszahlung,2024,ergebnis,0,70
01,KLIMA1,783112,auszahlung,2024,ergebnis,0,70
01,KLIMA1,783112,auszahlung,2025,ansatz,0,70
01,KLIMA1,783112,auszahlung,2025,ansatz,160000,70
01,KLIMA1,783112,auszahlung,2026,ansatz,160000,70
01,KLIMA1,783112,auszahlung,2026,ansatz,185000,70
01,KLIMA1,783112,auszahlung,2026,ve,0,70
01,KLIMA1,783112,auszahlung,2026,ve,0,70
01,KLIMA1,783112,auszahlung,2027,planung,0,70
01,KLIMA1,783112,auszahlung,2027,planung,55000,70
01,KLIMA1,783112,auszahlung,2028,planung,0,70
01,KLIMA1,783112,auszahlung,2028,planung,0,70
01,KLIMA1,783112,auszahlung,2029,planung,0,70
01,KLIMA1,783112,auszahlung,2029,planung,0,70
01,MASCH001,783111,auszahlung,2024,ergebnis,14863,71
01,MASCH001,783111,auszahlung,2025,ansatz,11050,71
01,MASCH001,783111,auszahlung,2026,ansatz,31500,71
01,MASCH001,783111,auszahlung,2026,ve,0,71
01,MASCH001,783111,auszahlung,2027,planung,12000,71
01,MASCH001,783111,auszahlung,2028,planung,12000,71
01,MASCH001,783111,auszahlung,2029,planung,12000,71
01,STRAß019,782114,auszahlung,2024,ergebnis,0,71
01,STRAß019,782114,auszahlung,2025,ansatz,450000,71
01,STRAß019,782114,auszahlung,2026,ansatz,0,71
01,STRAß019,782114,auszahlung,2026,ve,0,71
01,STRAß019,782114,auszahlung,2027,planung,0,71
01,STRAß019,782114,auszahlung,2028,planung,0,71
01,STRAß019,782114,auszahlung,2029,planung,0,71
01,STRAß019,785311,auszahlung,2024,ergebnis,10710,71
01,STRAß019,785311,auszahlung,2025,ansatz,0,71
01,STRAß019,785311,auszahlung,2026,ansatz,0,71
01,STRAß019,785311,auszahlung,2026,ve,0,71
01,STRAß019,785311,auszahlung,2027,planung,0,71
01,STRAß019,785311,auszahlung,2028,planung,0,71
01,STRAß019,785311,auszahlung,2029,planung,0,71
02,020701,683111,einzahlung,2024,ergebnis,14955,125
02,020701,683111,einzahlung,2025,ansatz,0,125
02,020701,683111,einzahlung,2026,ansatz,0,125
02,020701,683111,einzahlung,2026,ve,0,125
02,020701,683111,einzahlung,2027,planung,0,125
02,020701,683111,einzahlung,2028,planung,0,125
02,020701,683111,einzahlung,2029,planung,0,125
02,020701,683113,einzahlung,2024,ergebnis,233,125
02,020701,683113,einzahlung,2025,ansatz,0,125
02,020701,683113,einzahlung,2026,ansatz,0,125
02,020701,683113,einzahlung,2026,ve,0,125
02,020701,683113,einzahlung,2027,planung,0,125
02,020701,683113,einzahlung,2028,planung,0,125
02,020701,683113,einzahlung,2029,planung,0,125
02,AIBH011,783112,auszahlung,2024,ergebnis,0,125
02,AIBH011,783112,auszahlung,2025,ansatz,100000,125
02,AIBH011,783112,auszahlung,2026,ansatz,100000,125
02,AIBH011,783112,auszahlung,2026,ve,0,125
02,AIBH011,783112,auszahlung,2027,planung,0,125
02,AIBH011,783112,auszahlung,2028,planung,0,125
02,AIBH011,783112,auszahlung,2029,planung,0,125
02,AIBH012,681111,einzahlung,2024,ergebnis,0,125
02,AIBH012,681111,einzahlung,2025,ansatz,0,125
02,AIBH012,681111,einzahlung,2026,ansatz,0,125
02,AIBH012,681111,einzahlung,2026,ve,0,125
02,AIBH012,681111,einzahlung,2027,planung,250000,125
02,AIBH012,681111,einzahlung,2028,planung,0,125
02,AIBH012,681111,einzahlung,2029,planung,0,125
02,AIBH012,785111,auszahlung,2024,ergebnis,8456,125
02,AIBH012,785111,auszahlung,2025,ansatz,100000,125
02,AIBH012,785111,auszahlung,2026,ansatz,100000,125
02,AIBH012,785111,auszahlung,2026,ve,3200000,125
02,AIBH012,785111,auszahlung,2027,planung,2000000,125
02,AIBH012,785111,auszahlung,2028,planung,1200000,125
02,AIBH012,785111,auszahlung,2029,planung,0,125
02,AIBH013,785111,auszahlung,2024,ergebnis,201874,125
02,AIBH013,785111,auszahlung,2025,ansatz,0,125
02,AIBH013,785111,auszahlung,2026,ansatz,20000,125
02,AIBH013,785111,auszahlung,2026,ve,0,125
02,AIBH013,785111,auszahlung,2027,planung,0,125
02,AIBH013,785111,auszahlung,2028,planung,0,125
02,AIBH013,785111,auszahlung,2029,planung,0,125
02,BGA020701,783111,auszahlung,2024,ergebnis,26662,125
02,BGA020701,783111,auszahlung,2025,ansatz,20000,125
02,BGA020701,783111,auszahlung,2026,ansatz,20000,125
02,BGA020701,783111,auszahlung,2026,ve,0,125
02,BGA020701,783111,auszahlung,2027,planung,20000,125
02,BGA020701,783111,auszahlung,2028,planung,20000,125
02,BGA020701,783111,auszahlung,2029,planung,20000,125
02,BGA0207014,783111,auszahlung,2024,ergebnis,3188,126
02,BGA0207014,783111,auszahlung,2025,ansatz,4400,126
02,BGA0207014,783111,auszahlung,2026,ansatz,4000,126
02,BGA0207014,783111,auszahlung,2026,ve,0,126
02,BGA0207014,783111,auszahlung,2027,planung,4000,126
02,BGA0207014,783111,auszahlung,2028,planung,4000,126
02,BGA0207014,783111,auszahlung,2029,planung,4000,126
02,FAHRZ002,683111,einzahlung,2024,ergebnis,100,126
02,FAHRZ002,683111,einzahlung,2025,ansatz,0,126
02,FAHRZ002,683111,einzahlung,2026,ansatz,0,126
02,FAHRZ002,683111,einzahlung,2026,ve,0,126
02,FAHRZ002,683111,einzahlung,2027,planung,0,126
02,FAHRZ002,683111,einzahlung,2028,planung,0,126
02,FAHRZ002,683111,einzahlung,2029,planung,0,126
02,FAHRZ002,683113,einzahlung,2024,ergebnis,13728,126
02,FAHRZ002,683113,einzahlung,2025,ansatz,0,126
02,FAHRZ002,683113,einzahlung,2026,ansatz,0,126
02,FAHRZ002,683113,einzahlung,2026,ve,0,126
02,FAHRZ002,683113,einzahlung,2027,planung,0,126
02,FAHRZ002,683113,einzahlung,2028,planung,0,126
02,FAHRZ002,683113,einzahlung,2029,planung,0,126
02,FAHRZ002,781011,auszahlung,2024,ergebnis,0,126
02,FAHRZ002,781011,auszahlung,2025,ansatz,0,126
02,FAHRZ002,781011,auszahlung,2026,ansatz,140000,126
02,FAHRZ002,781011,auszahlung,2026,ve,0,126
02,FAHRZ002,781011,auszahlung,2027,planung,0,126
02,FAHRZ002,781011,auszahlung,2028,planung,0,126
02,FAHRZ002,781011,auszahlung,2029,planung,0,126
02,FAHRZ002,783112,auszahlung,2024,ergebnis,6696,126
02,FAHRZ002,783112,auszahlung,2025,ansatz,140000,126
02,FAHRZ002,783112,auszahlung,2026,ansatz,0,126
02,FAHRZ002,783112,auszahlung,2026,ve,0,126
02,FAHRZ002,783112,auszahlung,2027,planung,300000,126
02,FAHRZ002,783112,auszahlung,2028,planung,300000,126
02,FAHRZ002,783112,auszahlung,2029,planung,200000,126
02,INFRA005,782114,auszahlung,2024,ergebnis,0,126
02,INFRA005,782114,auszahlung,2025,ansatz,175000,126
02,INFRA005,782114,auszahlung,2026,ansatz,0,126
02,INFRA005,782114,auszahlung,2026,ve,0,126
02,INFRA005,782114,auszahlung,2027,planung,0,126
02,INFRA005,782114,auszahlung,2028,planung,0,126
02,INFRA005,782114,auszahlung,2029,planung,0,126
02,KLIMA1,783112,auszahlung,2024,ergebnis,0,126
02,KLIMA1,783112,auszahlung,2025,ansatz,230000,126
02,KLIMA1,783112,auszahlung,2026,ansatz,230000,126
02,KLIMA1,783112,auszahlung,2026,ve,0,126
02,KLIMA1,783112,auszahlung,2027,planung,0,126
02,KLIMA1,783112,auszahlung,2028,planung,0,126
02,KLIMA1,783112,auszahlung,2029,planung,0,126
02,SOPO010,681111,einzahlung,2024,ergebnis,77854,126
02,SOPO010,681111,einzahlung,2025,ansatz,68000,126
02,SOPO010,681111,einzahlung,2026,ansatz,68000,126
02,SOPO010,681111,einzahlung,2026,ve,0,126
02,SOPO010,681111,einzahlung,2027,planung,68000,126
02,SOPO010,681111,einzahlung,2028,planung,68000,126
02,SOPO010,681111,einzahlung,2029,planung,0,126
03,030103,683111,einzahlung,2024,ergebnis,3000,146
03,030103,683111,einzahlung,2025,ansatz,0,146
03,030103,683111,einzahlung,2026,ansatz,0,146
03,030103,683111,einzahlung,2026,ve,0,146
03,030103,683111,einzahlung,2027,planung,0,146
03,030103,683111,einzahlung,2028,planung,0,146
03,030103,683111,einzahlung,2029,planung,0,146
03,030301,681411,einzahlung,2024,ergebnis,9832,146
03,030301,681411,einzahlung,2025,ansatz,0,146
03,030301,681411,einzahlung,2026,ansatz,0,146
03,030301,681411,einzahlung,2026,ve,0,146
03,030301,681411,einzahlung,2027,planung,0,146
03,030301,681411,einzahlung,2028,planung,0,146
03,030301,681411,einzahlung,2029,planung,0,146
03,AIB00001,681011,einzahlung,2024,ergebnis,0,146
03,AIB00001,681011,einzahlung,2025,ansatz,467000,146
03,AIB00001,681011,einzahlung,2026,ansatz,467000,146
03,AIB00001,681011,einzahlung,2026,ve,0,146
03,AIB00001,681011,einzahlung,2027,planung,0,146
03,AIB00001,681011,einzahlung,2028,planung,0,146
03,AIB00001,681011,einzahlung,2029,planung,0,146
03,AIB00001,785111,auszahlung,2024,ergebnis,5224,146
03,AIB00001,785111,auszahlung,2025,ansatz,1885000,146
03,AIB00001,785111,auszahlung,2026,ansatz,2000000,146
03,AIB00001,785111,auszahlung,2026,ve,2000000,146
03,AIB00001,785111,auszahlung,2027,planung,2000000,146
03,AIB00001,785111,auszahlung,2028,planung,0,146
03,AIB00001,785111,auszahlung,2029,planung,0,146
03,AIBH003,785111,auszahlung,2024,ergebnis,8593,146
03,AIBH003,785111,auszahlung,2025,ansatz,1500000,146
03,AIBH003,785111,auszahlung,2026,ansatz,1700000,146
03,AIBH003,785111,auszahlung,2026,ve,1700000,146
03,AIBH003,785111,auszahlung,2027,planung,1700000,146
03,AIBH003,785111,auszahlung,2028,planung,0,146
03,AIBH003,785111,auszahlung,2029,planung,0,146
03,AIBH005,681011,einzahlung,2024,ergebnis,11700,147
03,AIBH005,681011,einzahlung,2025,ansatz,123000,147
03,AIBH005,681011,einzahlung,2026,ansatz,119000,147
03,AIBH005,681011,einzahlung,2026,ve,0,147
03,AIBH005,681011,einzahlung,2027,planung,0,147
03,AIBH005,681011,einzahlung,2028,planung,0,147
03,AIBH005,681011,einzahlung,2029,planung,0,147
03,AIBH005,785111,auszahlung,2024,ergebnis,0,147
03,AIBH005,785111,auszahlung,2025,ansatz,191000,147
03,AIBH005,785111,auszahlung,2026,ansatz,330000,147
03,AIBH005,785111,auszahlung,2026,ve,2000000,147
03,AIBH005,785111,auszahlung,2027,planung,1000000,147
03,AIBH005,785111,auszahlung,2028,planung,1000000,147
03,AIBH005,785111,auszahlung,2029,planung,0,147
03,BGA030101,783111,auszahlung,2024,ergebnis,4739,147
03,BGA030101,783111,auszahlung,2025,ansatz,0,147
03,BGA030101,783111,auszahlung,2026,ansatz,0,147
03,BGA030101,783111,auszahlung,2026,ve,0,147
03,BGA030101,783111,auszahlung,2027,planung,0,147
03,BGA030101,783111,auszahlung,2028,planung,0,147
03,BGA030101,783111,auszahlung,2029,planung,0,147
03,BGA0301014,783111,auszahlung,2024,ergebnis,0,147
03,BGA0301014,783111,auszahlung,2025,ansatz,2000,147
03,BGA0301014,783111,auszahlung,2026,ansatz,2000,147
03,BGA0301014,783111,auszahlung,2026,ve,0,147
03,BGA0301014,783111,auszahlung,2027,planung,2000,147
03,BGA0301014,783111,auszahlung,2028,planung,2000,147
03,BGA0301014,783111,auszahlung,2029,planung,2000,147
03,BGA0301024,783111,auszahlung,2024,ergebnis,0,148
03,BGA0301024,783111,auszahlung,2025,ansatz,1000,148
03,BGA0301024,783111,auszahlung,2026,ansatz,1600,148
03,BGA0301024,783111,auszahlung,2026,ve,0,148
03,BGA0301024,783111,auszahlung,2027,planung,1600,148
03,BGA0301024,783111,auszahlung,2028,planung,1600,148
03,BGA0301024,783111,auszahlung,2029,planung,1600,148
03,BGA030103,783111,auszahlung,2024,ergebnis,3593,147
03,BGA030103,783111,auszahlung,2025,ansatz,0,147
03,BGA030103,783111,auszahlung,2026,ansatz,0,147
03,BGA030103,783111,auszahlung,2026,ve,0,147
03,BGA030103,783111,auszahlung,2027,planung,0,147
03,BGA030103,783111,auszahlung,2028,planung,0,147
03,BGA030103,783111,auszahlung,2029,planung,0,147
03,BGA0301034,783111,auszahlung,2024,ergebnis,0,148
03,BGA0301034,783111,auszahlung,2025,ansatz,2000,148
03,BGA0301034,783111,auszahlung,2026,ansatz,2000,148
03,BGA0301034,783111,auszahlung,2026,ve,0,148
03,BGA0301034,783111,auszahlung,2027,planung,2000,148
03,BGA0301034,783111,auszahlung,2028,planung,2000,148
03,BGA0301034,783111,auszahlung,2029,planung,2000,148
03,BGA0301034,783112,auszahlung,2024,ergebnis,25020,148
03,BGA0301034,783112,auszahlung,2025,ansatz,0,148
03,BGA0301034,783112,auszahlung,2026,ansatz,0,148
03,BGA0301034,783112,auszahlung,2026,ve,0,148
03,BGA0301034,783112,auszahlung,2027,planung,0,148
03,BGA0301034,783112,auszahlung,2028,planung,0,148
03,BGA0301034,783112,auszahlung,2029,planung,0,148
03,BGA030104,783111,auszahlung,2024,ergebnis,5509,147
03,BGA030104,783111,auszahlung,2025,ansatz,0,147
03,BGA030104,783111,auszahlung,2026,ansatz,0,147
03,BGA030104,783111,auszahlung,2026,ve,0,147
03,BGA030104,783111,auszahlung,2027,planung,0,147
03,BGA030104,783111,auszahlung,2028,planung,0,147
03,BGA030104,783111,auszahlung,2029,planung,0,147
03,EDV030101,681111,einzahlung,2024,ergebnis,4818,148
03,EDV030101,681111,einzahlung,2025,ansatz,0,148
03,EDV030101,681111,einzahlung,2026,ansatz,0,148
03,EDV030101,681111,einzahlung,2026,ve,0,148
03,EDV030101,681111,einzahlung,2027,planung,0,148
03,EDV030101,681111,einzahlung,2028,planung,0,148
03,EDV030101,681111,einzahlung,2029,planung,0,148
03,EDV030101,783112,auszahlung,2024,ergebnis,5354,148
03,EDV030101,783112,auszahlung,2025,ansatz,0,148
03,EDV030101,783112,auszahlung,2026,ansatz,0,148
03,EDV030101,783112,auszahlung,2026,ve,0,148
03,EDV030101,783112,auszahlung,2027,planung,0,148
03,EDV030101,783112,auszahlung,2028,planung,0,148
03,EDV030101,783112,auszahlung,2029,planung,0,148
03,EDV030102,681111,einzahlung,2024,ergebnis,5504,148
03,EDV030102,681111,einzahlung,2025,ansatz,0,148
03,EDV030102,681111,einzahlung,2026,ansatz,0,148
03,EDV030102,681111,einzahlung,2026,ve,0,148
03,EDV030102,681111,einzahlung,2027,planung,0,148
03,EDV030102,681111,einzahlung,2028,planung,0,148
03,EDV030102,681111,einzahlung,2029,planung,0,148
03,EDV030102,783112,auszahlung,2024,ergebnis,6116,148
03,EDV030102,783112,auszahlung,2025,ansatz,0,148
03,EDV030102,783112,auszahlung,2026,ansatz,0,148
03,EDV030102,783112,auszahlung,2026,ve,0,148
03,EDV030102,783112,auszahlung,2027,planung,0,148
03,EDV030102,783112,auszahlung,2028,planung,0,148
03,EDV030102,783112,auszahlung,2029,planung,0,148
03,EDV030103,681111,einzahlung,2024,ergebnis,3269,148
03,EDV030103,681111,einzahlung,2025,ansatz,0,148
03,EDV030103,681111,einzahlung,2026,ansatz,0,148
03,EDV030103,681111,einzahlung,2026,ve,0,148
03,EDV030103,681111,einzahlung,2027,planung,0,148
03,EDV030103,681111,einzahlung,2028,planung,0,148
03,EDV030103,681111,einzahlung,2029,planung,0,148
03,EDV030103,783112,auszahlung,2024,ergebnis,12011,148
03,EDV030103,783112,auszahlung,2025,ansatz,0,148
03,EDV030103,783112,auszahlung,2026,ansatz,0,148
03,EDV030103,783112,auszahlung,2026,ve,0,148
03,EDV030103,783112,auszahlung,2027,planung,0,148
03,EDV030103,783112,auszahlung,2028,planung,0,148
03,EDV030103,783112,auszahlung,2029,planung,0,148
03,KLIMA1,783112,auszahlung,2024,ergebnis,0,149
03,KLIMA1,783112,auszahlung,2024,ergebnis,2759,149
03,KLIMA1,783112,auszahlung,2025,ansatz,0,149
03,KLIMA1,783112,auszahlung,2025,ansatz,365000,149
03,KLIMA1,783112,auszahlung,2026,ansatz,0,149
03,KLIMA1,783112,auszahlung,2026,ansatz,365000,149
03,KLIMA1,783112,auszahlung,2026,ve,0,149
03,KLIMA1,783112,auszahlung,2026,ve,0,149
03,KLIMA1,783112,auszahlung,2027,planung,0,149
03,KLIMA1,783112,auszahlung,2027,planung,0,149
03,KLIMA1,783112,auszahlung,2028,planung,0,149
03,KLIMA1,783112,auszahlung,2028,planung,0,149
03,KLIMA1,783112,auszahlung,2029,planung,0,149
03,KLIMA1,783112,auszahlung,2029,planung,0,149
04,040101,783112,auszahlung,2024,ergebnis,0,170
04,040101,783112,auszahlung,2025,ansatz,0,170
04,040101,783112,auszahlung,2026,ansatz,0,170
04,040101,783112,auszahlung,2026,ve,0,170
04,040101,783112,auszahlung,2027,planung,30000,170
04,040101,783112,auszahlung,2028,planung,0,170
04,040101,783112,auszahlung,2029,planung,0,170
06,KLIMA1,783112,auszahlung,2024,ergebnis,0,193
06,KLIMA1,783112,auszahlung,2025,ansatz,0,193
06,KLIMA1,783112,auszahlung,2026,ansatz,0,193
06,KLIMA1,783112,auszahlung,2026,ve,0,193
06,KLIMA1,783112,auszahlung,2027,planung,65000,193
06,KLIMA1,783112,auszahlung,2028,planung,0,193
06,KLIMA1,783112,auszahlung,2029,planung,0,193
06,KSP001,681411,einzahlung,2024,ergebnis,22935,193
06,KSP001,681411,einzahlung,2025,ansatz,0,193
06,KSP001,681411,einzahlung,2026,ansatz,0,193
06,KSP001,681411,einzahlung,2026,ve,0,193
06,KSP001,681411,einzahlung,2027,planung,0,193
06,KSP001,681411,einzahlung,2028,planung,0,193
06,KSP001,681411,einzahlung,2029,planung,0,193
06,KSP001,782112,auszahlung,2024,ergebnis,103135,193
06,KSP001,782112,auszahlung,2025,ansatz,25000,193
06,KSP001,782112,auszahlung,2026,ansatz,0,193
06,KSP001,782112,auszahlung,2026,ve,0,193
06,KSP001,782112,auszahlung,2027,planung,0,193
06,KSP001,782112,auszahlung,2028,planung,0,193
06,KSP001,782112,auszahlung,2029,planung,0,193
06,KSP001,785311,auszahlung,2024,ergebnis,0,193
06,KSP001,785311,auszahlung,2025,ansatz,0,193
06,KSP001,785311,auszahlung,2026,ansatz,175000,193
06,KSP001,785311,auszahlung,2026,ve,0,193
06,KSP001,785311,auszahlung,2027,planung,0,193
06,KSP001,785311,auszahlung,2028,planung,0,193
06,KSP001,785311,auszahlung,2029,planung,0,193
08,080101,783112,auszahlung,2024,ergebnis,0,204
08,080101,783112,auszahlung,2025,ansatz,20000,204
08,080101,783112,auszahlung,2026,ansatz,0,204
08,080101,783112,auszahlung,2026,ve,0,204
08,080101,783112,auszahlung,2027,planung,0,204
08,080101,783112,auszahlung,2028,planung,0,204
08,080101,783112,auszahlung,2029,planung,0,204
08,AIBH008,785111,auszahlung,2024,ergebnis,0,204
08,AIBH008,785111,auszahlung,2025,ansatz,0,204
08,AIBH008,785111,auszahlung,2026,ansatz,85000,204
08,AIBH008,785111,auszahlung,2026,ve,0,204
08,AIBH008,785111,auszahlung,2027,planung,0,204
08,AIBH008,785111,auszahlung,2028,planung,0,204
08,AIBH008,785111,auszahlung,2029,planung,0,204
08,KLIMA1,783112,auszahlung,2024,ergebnis,0,204
08,KLIMA1,783112,auszahlung,2025,ansatz,0,204
08,KLIMA1,783112,auszahlung,2026,ansatz,200000,204
08,KLIMA1,783112,auszahlung,2026,ve,0,204
08,KLIMA1,783112,auszahlung,2027,planung,0,204
08,KLIMA1,783112,auszahlung,2028,planung,0,204
08,KLIMA1,783112,auszahlung,2029,planung,0,204
09,AIBH012,782112,auszahlung,2024,ergebnis,0,209
09,AIBH012,782112,auszahlung,2025,ansatz,50000,209
09,AIBH012,782112,auszahlung,2026,ansatz,0,209
09,AIBH012,782112,auszahlung,2026,ve,0,209
09,AIBH012,782112,auszahlung,2027,planung,0,209
09,AIBH012,782112,auszahlung,2028,planung,0,209
09,AIBH012,782112,auszahlung,2029,planung,0,209
09,BAUG001,782112,auszahlung,2024,ergebnis,3455,209
09,BAUG001,782112,auszahlung,2025,ansatz,0,209
09,BAUG001,782112,auszahlung,2026,ansatz,0,209
09,BAUG001,782112,auszahlung,2026,ve,0,209
09,BAUG001,782112,auszahlung,2027,planung,0,209
09,BAUG001,782112,auszahlung,2028,planung,0,209
09,BAUG001,782112,auszahlung,2029,planung,0,209
09,GRDST006,782112,auszahlung,2024,ergebnis,50,209
09,GRDST006,782112,auszahlung,2025,ansatz,0,209
09,GRDST006,782112,auszahlung,2026,ansatz,0,209
09,GRDST006,782112,auszahlung,2026,ve,0,209
09,GRDST006,782112,auszahlung,2027,planung,0,209
09,GRDST006,782112,auszahlung,2028,planung,0,209
09,GRDST006,782112,auszahlung,2029,planung,0,209
09,GRDST012,782112,auszahlung,2024,ergebnis,0,209
09,GRDST012,782112,auszahlung,2025,ansatz,10000,209
09,GRDST012,782112,auszahlung,2026,ansatz,0,209
09,GRDST012,782112,auszahlung,2026,ve,0,209
09,GRDST012,782112,auszahlung,2027,planung,0,209
09,GRDST012,782112,auszahlung,2028,planung,0,209
09,GRDST012,782112,auszahlung,2029,planung,0,209
09,GRDST013,782112,auszahlung,2024,ergebnis,0,209
09,GRDST013,782112,auszahlung,2025,ansatz,15000,209
09,GRDST013,782112,auszahlung,2026,ansatz,0,209
09,GRDST013,782112,auszahlung,2026,ve,0,209
09,GRDST013,782112,auszahlung,2027,planung,0,209
09,GRDST013,782112,auszahlung,2028,planung,0,209
09,GRDST013,782112,auszahlung,2029,planung,0,209
09,GRDST015,782112,auszahlung,2024,ergebnis,0,209
09,GRDST015,782112,auszahlung,2024,ergebnis,2225,210
09,GRDST015,782112,auszahlung,2025,ansatz,0,209
09,GRDST015,782112,auszahlung,2025,ansatz,0,210
09,GRDST015,782112,auszahlung,2026,ansatz,0,209
09,GRDST015,782112,auszahlung,2026,ansatz,0,210
09,GRDST015,782112,auszahlung,2026,ve,0,209
09,GRDST015,782112,auszahlung,2026,ve,0,210
09,GRDST015,782112,auszahlung,2027,planung,50000,209
09,GRDST015,782112,auszahlung,2027,planung,0,210
09,GRDST015,782112,auszahlung,2028,planung,50000,209
09,GRDST015,782112,auszahlung,2028,planung,0,210
09,GRDST015,782112,auszahlung,2029,planung,0,209
09,GRDST015,782112,auszahlung,2029,planung,0,210
09,GRDST016,782112,auszahlung,2024,ergebnis,0,210
09,GRDST016,782112,auszahlung,2024,ergebnis,0,210
09,GRDST016,782112,auszahlung,2025,ansatz,0,210
09,GRDST016,782112,auszahlung,2025,ansatz,0,210
09,GRDST016,782112,auszahlung,2026,ansatz,0,210
09,GRDST016,782112,auszahlung,2026,ansatz,20000,210
09,GRDST016,782112,auszahlung,2026,ve,0,210
09,GRDST016,782112,auszahlung,2026,ve,0,210
09,GRDST016,782112,auszahlung,2027,planung,50000,210
09,GRDST016,782112,auszahlung,2027,planung,50000,210
09,GRDST016,782112,auszahlung,2028,planung,0,210
09,GRDST016,782112,auszahlung,2028,planung,50000,210
09,GRDST016,782112,auszahlung,2029,planung,0,210
09,GRDST016,782112,auszahlung,2029,planung,50000,210
10,AIBH014,783111,auszahlung,2024,ergebnis,2975,221
10,AIBH014,783111,auszahlung,2025,ansatz,0,221
10,AIBH014,783111,auszahlung,2026,ansatz,0,221
10,AIBH014,783111,auszahlung,2026,ve,0,221
10,AIBH014,783111,auszahlung,2027,planung,0,221
10,AIBH014,783111,auszahlung,2028,planung,0,221
10,AIBH014,783111,auszahlung,2029,planung,0,221
10,AIBH014,785111,auszahlung,2024,ergebnis,568544,221
10,AIBH014,785111,auszahlung,2025,ansatz,65000,221
10,AIBH014,785111,auszahlung,2026,ansatz,90000,221
10,AIBH014,785111,auszahlung,2026,ve,0,221
10,AIBH014,785111,auszahlung,2027,planung,0,221
10,AIBH014,785111,auszahlung,2028,planung,0,221
10,AIBH014,785111,auszahlung,2029,planung,0,221
10,BGAFB4,783111,auszahlung,2024,ergebnis,6232,221
10,BGAFB4,783111,auszahlung,2025,ansatz,24000,221
10,BGAFB4,783111,auszahlung,2026,ansatz,6000,221
10,BGAFB4,783111,auszahlung,2026,ve,0,221
10,BGAFB4,783111,auszahlung,2027,planung,6000,221
10,BGAFB4,783111,auszahlung,2028,planung,6000,221
10,BGAFB4,783111,auszahlung,2029,planung,6000,221
10,KLIMA1,785111,auszahlung,2024,ergebnis,1260,221
10,KLIMA1,785111,auszahlung,2025,ansatz,0,221
10,KLIMA1,785111,auszahlung,2026,ansatz,0,221
10,KLIMA1,785111,auszahlung,2026,ve,0,221
10,KLIMA1,785111,auszahlung,2027,planung,0,221
10,KLIMA1,785111,auszahlung,2028,planung,0,221
10,KLIMA1,785111,auszahlung,2029,planung,0,221
12,120101,688101,einzahlung,2024,ergebnis,0,235
12,120101,688101,einzahlung,2025,ansatz,0,235
12,120101,688101,einzahlung,2026,ansatz,0,235
12,120101,688101,einzahlung,2026,ve,0,235
12,120101,688101,einzahlung,2027,planung,0,235
12,120101,688101,einzahlung,2028,planung,1018025,235
12,120101,688101,einzahlung,2029,planung,1641975,235
12,120101,785311,auszahlung,2024,ergebnis,15,235
12,120101,785311,auszahlung,2025,ansatz,0,235
12,120101,785311,auszahlung,2026,ansatz,0,235
12,120101,785311,auszahlung,2026,ve,0,235
12,120101,785311,auszahlung,2027,planung,0,235
12,120101,785311,auszahlung,2028,planung,0,235
12,120101,785311,auszahlung,2029,planung,0,235
12,120102,682113,einzahlung,2024,ergebnis,462634,235
12,120102,682113,einzahlung,2025,ansatz,0,235
12,120102,682113,einzahlung,2026,ansatz,0,235
12,120102,682113,einzahlung,2026,ve,0,235
12,120102,682113,einzahlung,2027,planung,0,235
12,120102,682113,einzahlung,2028,planung,0,235
12,120102,682113,einzahlung,2029,planung,0,235
12,GRDST006,688101,einzahlung,2024,ergebnis,0,235
12,GRDST006,688101,einzahlung,2025,ansatz,0,235
12,GRDST006,688101,einzahlung,2026,ansatz,210000,235
12,GRDST006,688101,einzahlung,2026,ve,0,235
12,GRDST006,688101,einzahlung,2027,planung,154140,235
12,GRDST006,688101,einzahlung,2028,planung,1211790,235
12,GRDST006,688101,einzahlung,2029,planung,206850,235
12,INFRA002,681011,einzahlung,2024,ergebnis,0,235
12,INFRA002,681011,einzahlung,2025,ansatz,75000,235
12,INFRA002,681011,einzahlung,2026,ansatz,75000,235
12,INFRA002,681011,einzahlung,2026,ve,0,235
12,INFRA002,681011,einzahlung,2027,planung,75000,235
12,INFRA002,681011,einzahlung,2028,planung,75000,235
12,INFRA002,681011,einzahlung,2029,planung,75000,235
12,INFRA002,782114,auszahlung,2024,ergebnis,0,235
12,INFRA002,782114,auszahlung,2025,ansatz,300000,235
12,INFRA002,782114,auszahlung,2026,ansatz,350000,235
12,INFRA002,782114,auszahlung,2026,ve,0,235
12,INFRA002,782114,auszahlung,2027,planung,300000,235
12,INFRA002,782114,auszahlung,2028,planung,300000,235
12,INFRA002,782114,auszahlung,2029,planung,300000,235
12,STRAß004,785311,auszahlung,2024,ergebnis,0,235
12,STRAß004,785311,auszahlung,2025,ansatz,50000,235
12,STRAß004,785311,auszahlung,2026,ansatz,20000,235
12,STRAß004,785311,auszahlung,2026,ve,0,235
12,STRAß004,785311,auszahlung,2027,planung,0,235
12,STRAß004,785311,auszahlung,2028,planung,0,235
12,STRAß004,785311,auszahlung,2029,planung,0,235
12,STRAß005,688101,einzahlung,2024,ergebnis,48359,236
12,STRAß005,688101,einzahlung,2025,ansatz,0,236
12,STRAß005,688101,einzahlung,2026,ansatz,0,236
12,STRAß005,688101,einzahlung,2026,ve,0,236
12,STRAß005,688101,einzahlung,2027,planung,0,236
12,STRAß005,688101,einzahlung,2028,planung,0,236
12,STRAß005,688101,einzahlung,2029,planung,0,236
12,STRAß008,688101,einzahlung,2024,ergebnis,46200,236
12,STRAß008,688101,einzahlung,2025,ansatz,0,236
12,STRAß008,688101,einzahlung,2026,ansatz,0,236
12,STRAß008,688101,einzahlung,2026,ve,0,236
12,STRAß008,688101,einzahlung,2027,planung,0,236
12,STRAß008,688101,einzahlung,2028,planung,0,236
12,STRAß008,688101,einzahlung,2029,planung,0,236
12,STRAß008,785311,auszahlung,2024,ergebnis,190,236
12,STRAß008,785311,auszahlung,2025,ansatz,0,236
12,STRAß008,785311,auszahlung,2026,ansatz,0,236
12,STRAß008,785311,auszahlung,2026,ve,0,236
12,STRAß008,785311,auszahlung,2027,planung,300000,236
12,STRAß008,785311,auszahlung,2028,planung,300000,236
12,STRAß008,785311,auszahlung,2029,planung,0,236
12,STRAß009,785311,auszahlung,2024,ergebnis,0,236
12,STRAß009,785311,auszahlung,2025,ansatz,0,236
12,STRAß009,785311,auszahlung,2026,ansatz,500000,236
12,STRAß009,785311,auszahlung,2026,ve,0,236
12,STRAß009,785311,auszahlung,2027,planung,0,236
12,STRAß009,785311,auszahlung,2028,planung,0,236
12,STRAß009,785311,auszahlung,2029,planung,0,236
12,STRAß012,681111,einzahlung,2024,ergebnis,734700,236
12,STRAß012,681111,einzahlung,2025,ansatz,0,236
12,STRAß012,681111,einzahlung,2026,ansatz,0,236
12,STRAß012,681111,einzahlung,2026,ve,0,236
12,STRAß012,681111,einzahlung,2027,planung,0,236
12,STRAß012,681111,einzahlung,2028,planung,0,236
12,STRAß012,681111,einzahlung,2029,planung,0,236
12,STRAß014,681111,einzahlung,2024,ergebnis,0,236
12,STRAß014,681111,einzahlung,2025,ansatz,350000,236
12,STRAß014,681111,einzahlung,2026,ansatz,350000,236
12,STRAß014,681111,einzahlung,2026,ve,0,236
12,STRAß014,681111,einzahlung,2027,planung,350000,236
12,STRAß014,681111,einzahlung,2028,planung,350000,236
12,STRAß014,681111,einzahlung,2029,planung,0,236
12,STRAß014,785311,auszahlung,2024,ergebnis,671881,236
12,STRAß014,785311,auszahlung,2025,ansatz,500000,236
12,STRAß014,785311,auszahlung,2026,ansatz,500000,236
12,STRAß014,785311,auszahlung,2026,ve,0,236
12,STRAß014,785311,auszahlung,2027,planung,500000,236
12,STRAß014,785311,auszahlung,2028,planung,500000,236
12,STRAß014,785311,auszahlung,2029,planung,0,236
12,STRAß019,681011,einzahlung,2024,ergebnis,472014,237
12,STRAß019,681011,einzahlung,2025,ansatz,85000,237
12,STRAß019,681011,einzahlung,2026,ansatz,0,237
12,STRAß019,681011,einzahlung,2026,ve,0,237
12,STRAß019,681011,einzahlung,2027,planung,0,237
12,STRAß019,681011,einzahlung,2028,planung,0,237
12,STRAß019,681011,einzahlung,2029,planung,0,237
12,STRAß019,681111,einzahlung,2024,ergebnis,343273,237
12,STRAß019,681111,einzahlung,2025,ansatz,96000,237
12,STRAß019,681111,einzahlung,2026,ansatz,0,237
12,STRAß019,681111,einzahlung,2026,ve,0,237
12,STRAß019,681111,einzahlung,2027,planung,0,237
12,STRAß019,681111,einzahlung,2028,planung,0,237
12,STRAß019,681111,einzahlung,2029,planung,0,237
12,STRAß019,688101,einzahlung,2024,ergebnis,0,237
12,STRAß019,688101,einzahlung,2025,ansatz,0,237
12,STRAß019,688101,einzahlung,2026,ansatz,947000,237
12,STRAß019,688101,einzahlung,2026,ve,0,237
12,STRAß019,688101,einzahlung,2027,planung,0,237
12,STRAß019,688101,einzahlung,2028,planung,0,237
12,STRAß019,688101,einzahlung,2029,planung,0,237
12,STRAß019,785311,auszahlung,2024,ergebnis,934053,237
12,STRAß019,785311,auszahlung,2025,ansatz,1600000,237
12,STRAß019,785311,auszahlung,2026,ansatz,0,237
12,STRAß019,785311,auszahlung,2026,ve,0,237
12,STRAß019,785311,auszahlung,2027,planung,0,237
12,STRAß019,785311,auszahlung,2028,planung,0,237
12,STRAß019,785311,auszahlung,2029,planung,0,237
12,STRAß022,782112,auszahlung,2024,ergebnis,0,237
12,STRAß022,782112,auszahlung,2025,ansatz,0,237
12,STRAß022,782112,auszahlung,2026,ansatz,100000,237
12,STRAß022,782112,auszahlung,2026,ve,0,237
12,STRAß022,782112,auszahlung,2027,planung,0,237
12,STRAß022,782112,auszahlung,2028,planung,0,237
12,STRAß022,782112,auszahlung,2029,planung,0,237
12,STRAß022,785311,auszahlung,2024,ergebnis,0,237
12,STRAß022,785311,auszahlung,2025,ansatz,100000,237
12,STRAß022,785311,auszahlung,2026,ansatz,100000,237
12,STRAß022,785311,auszahlung,2026,ve,0,237
12,STRAß022,785311,auszahlung,2027,planung,1650000,237
12,STRAß022,785311,auszahlung,2028,planung,0,237
12,STRAß022,785311,auszahlung,2029,planung,0,237
12,STRAß024,785311,auszahlung,2024,ergebnis,44738,237
12,STRAß024,785311,auszahlung,2025,ansatz,1000000,237
12,STRAß024,785311,auszahlung,2026,ansatz,1000000,237
12,STRAß024,785311,auszahlung,2026,ve,1000000,237
12,STRAß024,785311,auszahlung,2027,planung,1000000,237
12,STRAß024,785311,auszahlung,2028,planung,0,237
12,STRAß024,785311,auszahlung,2029,planung,0,237
12,STRAß027,688101,einzahlung,2024,ergebnis,0,237
12,STRAß027,688101,einzahlung,2025,ansatz,80000,237
12,STRAß027,688101,einzahlung,2026,ansatz,80000,237
12,STRAß027,688101,einzahlung,2026,ve,0,237
12,STRAß027,688101,einzahlung,2027,planung,0,237
12,STRAß027,688101,einzahlung,2028,planung,0,237
12,STRAß027,688101,einzahlung,2029,planung,0,237
12,STRAß027,785311,auszahlung,2024,ergebnis,223819,237
12,STRAß027,785311,auszahlung,2025,ansatz,0,237
12,STRAß027,785311,auszahlung,2026,ansatz,0,237
12,STRAß027,785311,auszahlung,2026,ve,0,237
12,STRAß027,785311,auszahlung,2027,planung,0,237
12,STRAß027,785311,auszahlung,2028,planung,0,237
12,STRAß027,785311,auszahlung,2029,planung,0,237
12,STRAß028,785311,auszahlung,2024,ergebnis,0,238
12,STRAß028,785311,auszahlung,2025,ansatz,0,238
12,STRAß028,785311,auszahlung,2026,ansatz,40000,238
12,STRAß028,785311,auszahlung,2026,ve,1700000,238
12,STRAß028,785311,auszahlung,2027,planung,1700000,238
12,STRAß028,785311,auszahlung,2028,planung,0,238
12,STRAß028,785311,auszahlung,2029,planung,0,238
12,STRAß029,785311,auszahlung,2024,ergebnis,0,238
12,STRAß029,785311,auszahlung,2025,ansatz,0,238
12,STRAß029,785311,auszahlung,2026,ansatz,0,238
12,STRAß029,785311,auszahlung,2026,ve,0,238
12,STRAß029,785311,auszahlung,2027,planung,0,238
12,STRAß029,785311,auszahlung,2028,planung,200000,238
12,STRAß029,785311,auszahlung,2029,planung,0,238
12,STRAß030,785311,auszahlung,2024,ergebnis,0,238
12,STRAß030,785311,auszahlung,2025,ansatz,0,238
12,STRAß030,785311,auszahlung,2026,ansatz,0,238
12,STRAß030,785311,auszahlung,2026,ve,0,238
12,STRAß030,785311,auszahlung,2027,planung,40000,238
12,STRAß030,785311,auszahlung,2028,planung,1000000,238
12,STRAß030,785311,auszahlung,2029,planung,0,238
12,ÖPNV001,681111,einzahlung,2024,ergebnis,0,238
12,ÖPNV001,681111,einzahlung,2025,ansatz,0,238
12,ÖPNV001,681111,einzahlung,2026,ansatz,0,238
12,ÖPNV001,681111,einzahlung,2026,ve,0,238
12,ÖPNV001,681111,einzahlung,2027,planung,27000,238
12,ÖPNV001,681111,einzahlung,2028,planung,27000,238
12,ÖPNV001,681111,einzahlung,2029,planung,0,238
12,ÖPNV001,785311,auszahlung,2024,ergebnis,169943,238
12,ÖPNV001,785311,auszahlung,2025,ansatz,0,238
12,ÖPNV001,785311,auszahlung,2026,ansatz,0,238
12,ÖPNV001,785311,auszahlung,2026,ve,0,238
12,ÖPNV001,785311,auszahlung,2027,planung,30000,238
12,ÖPNV001,785311,auszahlung,2028,planung,30000,238
12,ÖPNV001,785311,auszahlung,2029,planung,0,238
12,ÖPNV002,681311,einzahlung,2024,ergebnis,0,238
12,ÖPNV002,681311,einzahlung,2025,ansatz,72000,238
12,ÖPNV002,681311,einzahlung,2026,ansatz,162000,238
12,ÖPNV002,681311,einzahlung,2026,ve,0,238
12,ÖPNV002,681311,einzahlung,2027,planung,3600000,238
12,ÖPNV002,681311,einzahlung,2028,planung,0,238
12,ÖPNV002,681311,einzahlung,2029,planung,0,238
12,ÖPNV002,785311,auszahlung,2024,ergebnis,446,238
12,ÖPNV002,785311,auszahlung,2025,ansatz,80000,238
12,ÖPNV002,785311,auszahlung,2026,ansatz,180000,238
12,ÖPNV002,785311,auszahlung,2026,ve,0,238
12,ÖPNV002,785311,auszahlung,2027,planung,3000000,238
12,ÖPNV002,785311,auszahlung,2028,planung,1000000,238
12,ÖPNV002,785311,auszahlung,2029,planung,0,238
12,ÖPNV006,681111,einzahlung,2024,ergebnis,0,239
12,ÖPNV006,681111,einzahlung,2025,ansatz,510000,239
12,ÖPNV006,681111,einzahlung,2026,ansatz,510000,239
12,ÖPNV006,681111,einzahlung,2026,ve,0,239
12,ÖPNV006,681111,einzahlung,2027,planung,0,239
12,ÖPNV006,681111,einzahlung,2028,planung,0,239
12,ÖPNV006,681111,einzahlung,2029,planung,0,239
12,ÖPNV006,785311,auszahlung,2024,ergebnis,1294,239
12,ÖPNV006,785311,auszahlung,2025,ansatz,650000,239
12,ÖPNV006,785311,auszahlung,2026,ansatz,650000,239
12,ÖPNV006,785311,auszahlung,2026,ve,0,239
12,ÖPNV006,785311,auszahlung,2027,planung,0,239
12,ÖPNV006,785311,auszahlung,2028,planung,0,239
12,ÖPNV006,785311,auszahlung,2029,planung,0,239
13,BGA130201,783111,auszahlung,2024,ergebnis,0,256
13,BGA130201,783111,auszahlung,2025,ansatz,8500,256
13,BGA130201,783111,auszahlung,2026,ansatz,3000,256
13,BGA130201,783111,auszahlung,2026,ve,0,256
13,BGA130201,783111,auszahlung,2027,planung,3000,256
13,BGA130201,783111,auszahlung,2028,planung,3000,256
13,BGA130201,783111,auszahlung,2029,planung,3000,256
13,BGA130301,783111,auszahlung,2024,ergebnis,0,256
13,BGA130301,783111,auszahlung,2025,ansatz,0,256
13,BGA130301,783111,auszahlung,2026,ansatz,11000,256
13,BGA130301,783111,auszahlung,2026,ve,0,256
13,BGA130301,783111,auszahlung,2027,planung,6000,256
13,BGA130301,783111,auszahlung,2028,planung,0,256
13,BGA130301,783111,auszahlung,2029,planung,0,256
13,FRIED003,782112,auszahlung,2024,ergebnis,0,256
13,FRIED003,782112,auszahlung,2025,ansatz,43000,256
13,FRIED003,782112,auszahlung,2026,ansatz,80000,256
13,FRIED003,782112,auszahlung,2026,ve,0,256
13,FRIED003,782112,auszahlung,2027,planung,0,256
13,FRIED003,782112,auszahlung,2028,planung,0,256
13,FRIED003,782112,auszahlung,2029,planung,0,256
13,FRIED003,783111,auszahlung,2024,ergebnis,1226,256
13,FRIED003,783111,auszahlung,2025,ansatz,0,256
13,FRIED003,783111,auszahlung,2026,ansatz,0,256
13,FRIED003,783111,auszahlung,2026,ve,0,256
13,FRIED003,783111,auszahlung,2027,planung,0,256
13,FRIED003,783111,auszahlung,2028,planung,0,256
13,FRIED003,783111,auszahlung,2029,planung,0,256
13,ÖKO001,782112,auszahlung,2024,ergebnis,26827,256
13,ÖKO001,782112,auszahlung,2025,ansatz,0,256
13,ÖKO001,782112,auszahlung,2026,ansatz,0,256
13,ÖKO001,782112,auszahlung,2026,ve,0,256
13,ÖKO001,782112,auszahlung,2027,planung,0,256
13,ÖKO001,782112,auszahlung,2028,planung,0,256
13,ÖKO001,782112,auszahlung,2029,planung,0,256
13,ÖKO004,782112,auszahlung,2024,ergebnis,15213,256
13,ÖKO004,782112,auszahlung,2025,ansatz,155000,256
13,ÖKO004,782112,auszahlung,2026,ansatz,0,256
13,ÖKO004,782112,auszahlung,2026,ve,0,256
13,ÖKO004,782112,auszahlung,2027,planung,0,256
13,ÖKO004,782112,auszahlung,2028,planung,0,256
13,ÖKO004,782112,auszahlung,2029,planung,0,256
13,ÖKO005,782112,auszahlung,2024,ergebnis,3380,256
13,ÖKO005,782112,auszahlung,2025,ansatz,65000,256
13,ÖKO005,782112,auszahlung,2026,ansatz,0,256
13,ÖKO005,782112,auszahlung,2026,ve,0,256
13,ÖKO005,782112,auszahlung,2027,planung,0,256
13,ÖKO005,782112,auszahlung,2028,planung,0,256
13,ÖKO005,782112,auszahlung,2029,planung,0,256
13,ÖKO008,782112,auszahlung,2024,ergebnis,100000,257
13,ÖKO008,782112,auszahlung,2025,ansatz,0,257
13,ÖKO008,782112,auszahlung,2026,ansatz,0,257
13,ÖKO008,782112,auszahlung,2026,ve,0,257
13,ÖKO008,782112,auszahlung,2027,planung,0,257
13,ÖKO008,782112,auszahlung,2028,planung,0,257
13,ÖKO008,782112,auszahlung,2029,planung,0,257
15,INFRA006,781011,auszahlung,2024,ergebnis,0,272
15,INFRA006,781011,auszahlung,2025,ansatz,119000,272
15,INFRA006,781011,auszahlung,2026,ansatz,30000,272
15,INFRA006,781011,auszahlung,2026,ve,0,272
15,INFRA006,781011,auszahlung,2027,planung,30000,272
15,INFRA006,781011,auszahlung,2028,planung,18000,272
15,INFRA006,781011,auszahlung,2029,planung,0,272
16,160101,684011,einzahlung,2024,ergebnis,86187,279
16,160101,684011,einzahlung,2025,ansatz,0,279
16,160101,684011,einzahlung,2026,ansatz,0,279
16,160101,684011,einzahlung,2026,ve,0,279
16,160101,684011,einzahlung,2027,planung,0,279
16,160101,684011,einzahlung,2028,planung,0,279
16,160101,684011,einzahlung,2029,planung,0,279
16,SOPO007,681111,einzahlung,2024,ergebnis,1370881,279
16,SOPO007,681111,einzahlung,2025,ansatz,1415000,279
16,SOPO007,681111,einzahlung,2026,ansatz,1525000,279
16,SOPO007,681111,einzahlung,2026,ve,0,279
16,SOPO007,681111,einzahlung,2027,planung,1525000,279
16,SOPO007,681111,einzahlung,2028,planung,1525000,279
16,SOPO007,681111,einzahlung,2029,planung,1525000,279
16,SOPO008,681111,einzahlung,2024,ergebnis,363263,279
16,SOPO008,681111,einzahlung,2025,ansatz,371000,279
16,SOPO008,681111,einzahlung,2026,ansatz,406000,279
16,SOPO008,681111,einzahlung,2026,ve,0,279
16,SOPO008,681111,einzahlung,2027,planung,406000,279
16,SOPO008,681111,einzahlung,2028,planung,406000,279
16,SOPO008,681111,einzahlung,2029,planung,406000,279
16,SOPO009,681111,einzahlung,2024,ergebnis,60000,279
16,SOPO009,681111,einzahlung,2025,ansatz,60000,279
16,SOPO009,681111,einzahlung,2026,ansatz,60000,279
16,SOPO009,681111,einzahlung,2026,ve,0,279
16,SOPO009,681111,einzahlung,2027,planung,60000,279
16,SOPO009,681111,einzahlung,2028,planung,60000,279
16,SOPO009,681111,einzahlung,2029,planung,60000,279
