pdf_seite,typ,pb,pg,produkt
1,sonstige,,,
2,inhaltsverzeichnis,,,
3,inhaltsverzeichnis,,,
4,inhaltsverzeichnis,,,
5,inhaltsverzeichnis,,,
6,leitbild,,,
7,haushaltssatzung,,,
8,haushaltssatzung,,,
9,haushaltssatzung,,,
10,statistik,,,
11,sonstige,,,
12,sonstige,,,
13,vorbericht,,,
14,vorbericht,,,
15,vorbericht,,,
16,vorbericht,,,
17,vorbericht,,,
18,vorbericht,,,
19,vorbericht,,,
20,vorbericht,,,
21,vorbericht,,,
22,vorbericht,,,
23,vorbericht,,,
24,vorbericht,,,
25,vorbericht,,,
26,vorbericht,,,
27,vorbericht,,,
28,vorbericht,,,
29,vorbericht,,,
30,vorbericht,,,
31,vorbericht,,,
32,vorbericht,,,
33,vorbericht,,,
34,vorbericht,,,
35,vorbericht,,,
36,vorbericht,,,
37,vorbericht,,,
38,vorbericht,,,
39,vorbericht,,,
40,vorbericht,,,
41,vorbericht,,,
42,vorbericht,,,
43,vorbericht,,,
44,vorbericht,,,
45,vorbericht,,,
46,vorbericht,,,
47,vorbericht,,,
48,vorbericht,,,
49,vorbericht,,,
50,vorbericht,,,
51,vorbericht,,,
52,vorbericht,,,
53,vorbericht,,,
54,vorbericht,,,
55,vorbericht,,,
56,vorbericht,,,
57,vorbericht,,,
58,vorbericht,,,
59,vorbericht,,,
60,vorbericht,,,
61,sonstige,,,
62,gesamtergebnisplan,,,
63,gesamtfinanzplan,,,
64,sonstige,,,
65,sonstige,,,
66,teilergebnisplan,01,,
67,investitionen_pb,01,,
68,investitionen_pb,01,,
69,investitionen_pb,01,,
70,investitionen_pb,01,,
71,investitionen_pb,01,,
72,produktinformationen,01,0101,010101
73,teilergebnisplan,01,0101,010101
74,produktinformationen,01,0102,010201
75,teilergebnisplan,01,0102,010201
76,produktinformationen,01,0103,010301
77,grundzahlen,01,0103,010301
78,teilergebnisplan,01,0103,010301
79,produktinformationen,01,0104,010401
80,teilergebnisplan,01,0104,010401
81,produktinformationen,01,0105,010501
82,teilergebnisplan,01,0105,010501
83,teilergebnisplan,01,0106,
84,produktinformationen,01,0106,010601
85,grundzahlen,01,0106,010601
86,teilergebnisplan,01,0106,010601
87,investitionen_produkt,01,0106,010601
88,produktinformationen,01,0106,010602
89,teilergebnisplan,01,0106,010602
90,teilfinanzplan,01,0106,010602
91,investitionen_produkt,01,0106,010602
92,produktinformationen,01,0106,010603
93,teilergebnisplan,01,0106,010603
94,produktinformationen,01,0107,010701
95,teilergebnisplan,01,0107,010701
96,produktinformationen,01,0108,010801
97,teilergebnisplan,01,0108,010801
98,produktinformationen,01,0109,010901
99,produktinformationen,01,0109,010901
100,teilergebnisplan,01,0109,010901
101,investitionen_produkt,01,0109,010901
102,teilergebnisplan,01,0110,
103,produktinformationen,01,0110,011001
104,teilergebnisplan,01,0110,011001
105,produktinformationen,01,0110,011002
106,teilergebnisplan,01,0110,011002
107,produktinformationen,01,0110,011003
108,teilergebnisplan,01,0110,011003
109,produktinformationen,01,0111,011101
110,teilergebnisplan,01,0111,011101
111,investitionen_produkt,01,0111,011101
112,teilergebnisplan,01,0112,
113,produktinformationen,01,0112,011201
114,teilergebnisplan,01,0112,011201
115,teilfinanzplan,01,0112,011201
116,produktinformationen,01,0112,011202
117,teilergebnisplan,01,0112,011202
118,produktinformationen,01,0112,011203
119,teilergebnisplan,01,0112,011203
120,produktinformationen,01,0112,011204
121,teilergebnisplan,01,0112,011204
122,teilfinanzplan,01,0112,011204
123,investitionen_produkt,01,0112,011204
124,teilergebnisplan,02,,
125,investitionen_pb,02,,
126,investitionen_pb,02,,
127,produktinformationen,02,0201,020101
128,grundzahlen,02,0201,020101
129,teilergebnisplan,02,0201,020101
130,produktinformationen,02,0202,020201
131,teilergebnisplan,02,0202,020201
132,produktinformationen,02,0203,020301
133,teilergebnisplan,02,0203,020301
134,produktinformationen,02,0204,020401
135,teilergebnisplan,02,0204,020401
136,produktinformationen,02,0205,020501
137,teilergebnisplan,02,0205,020501
138,produktinformationen,02,0206,020601
139,teilergebnisplan,02,0206,020601
140,produktinformationen,02,0207,020701
141,teilergebnisplan,02,0207,020701
142,teilfinanzplan,02,0207,020701
143,investitionen_produkt,02,0207,020701
144,investitionen_produkt,02,0207,020701
145,teilergebnisplan,03,,
146,investitionen_pb,03,,
147,investitionen_pb,03,,
148,investitionen_pb,03,,
149,investitionen_pb,03,,
150,teilergebnisplan,03,0301,
151,produktinformationen,03,0301,030101
152,teilergebnisplan,03,0301,030101
153,teilfinanzplan,03,0301,030101
154,investitionen_produkt,03,0301,030101
155,produktinformationen,03,0301,030102
156,teilergebnisplan,03,0301,030102
157,teilfinanzplan,03,0301,030102
158,produktinformationen,03,0301,030103
159,teilergebnisplan,03,0301,030103
160,teilfinanzplan,03,0301,030103
161,investitionen_produkt,03,0301,030103
162,produktinformationen,03,0301,030104
163,teilergebnisplan,03,0301,030104
164,teilfinanzplan,03,0301,030104
165,produktinformationen,03,0302,030201
166,teilergebnisplan,03,0302,030201
167,produktinformationen,03,0303,030301
168,teilergebnisplan,03,0303,030301
169,teilergebnisplan,04,,
170,investitionen_pb,04,,
171,produktinformationen,04,0401,040101
172,teilergebnisplan,04,0401,040101
173,teilfinanzplan,04,0401,040101
174,produktinformationen,04,0402,040201
175,teilergebnisplan,04,0402,040201
176,produktinformationen,04,0403,040301
177,teilergebnisplan,04,0403,040301
178,teilergebnisplan,05,,
179,investitionen_pb,05,,
180,teilergebnisplan,05,0501,
181,produktinformationen,05,0501,050102
182,teilergebnisplan,05,0501,050102
183,produktinformationen,05,0501,050103
184,teilergebnisplan,05,0501,050103
185,produktinformationen,05,0502,050201
186,teilergebnisplan,05,0502,050201
187,teilfinanzplan,05,0502,050201
188,produktinformationen,05,0503,050301
189,teilergebnisplan,05,0503,050301
190,produktinformationen,05,0504,050401
191,teilergebnisplan,05,0504,050401
192,teilergebnisplan,06,,
193,investitionen_pb,06,,
194,produktinformationen,06,0601,060101
195,teilergebnisplan,06,0601,060101
196,teilergebnisplan,06,0602,
197,produktinformationen,06,0602,060201
198,teilergebnisplan,06,0602,060201
199,investitionen_produkt,06,0602,060201
200,produktinformationen,06,0602,060202
201,teilergebnisplan,06,0602,060202
202,investitionen_produkt,06,0602,060202
203,teilergebnisplan,08,,
204,investitionen_pb,08,,
205,produktinformationen,08,0801,080101
206,teilergebnisplan,08,0801,080101
207,investitionen_produkt,08,0801,080101
208,teilergebnisplan,09,,
209,investitionen_pb,09,,
210,investitionen_pb,09,,
211,produktinformationen,09,0901,090101
212,teilergebnisplan,09,0901,090101
213,investitionen_produkt,09,0901,090101
214,teilergebnisplan,09,0902,
215,produktinformationen,09,0902,090201
216,teilergebnisplan,09,0902,090201
217,investitionen_produkt,09,0902,090201
218,produktinformationen,09,0902,090202
219,teilergebnisplan,09,0902,090202
220,teilergebnisplan,10,,
221,investitionen_pb,10,,
222,produktinformationen,10,1001,100101
223,teilergebnisplan,10,1001,100101
224,produktinformationen,10,1002,100201
225,teilergebnisplan,10,1002,100201
226,produktinformationen,10,1003,100301
227,teilergebnisplan,10,1003,100301
228,produktinformationen,10,1004,100401
229,teilergebnisplan,10,1004,100401
230,teilfinanzplan,10,1004,100401
231,teilergebnisplan,11,,
232,produktinformationen,11,1101,110101
233,teilergebnisplan,11,1101,110101
234,teilergebnisplan,12,,
235,investitionen_pb,12,,
236,investitionen_pb,12,,
237,investitionen_pb,12,,
238,investitionen_pb,12,,
239,investitionen_pb,12,,
240,teilergebnisplan,12,1201,
241,produktinformationen,12,1201,120101
242,teilergebnisplan,12,1201,120101
243,investitionen_produkt,12,1201,120101
244,investitionen_produkt,12,1201,120101
245,investitionen_produkt,12,1201,120101
246,investitionen_produkt,12,1201,120101
247,produktinformationen,12,1201,120102
248,teilergebnisplan,12,1201,120102
249,teilfinanzplan,12,1201,120102
250,produktinformationen,12,1202,120201
251,teilergebnisplan,12,1202,120201
252,investitionen_produkt,12,1202,120201
253,produktinformationen,12,1203,120301
254,teilergebnisplan,12,1203,120301
255,teilergebnisplan,13,,
256,investitionen_pb,13,,
257,investitionen_pb,13,,
258,produktinformationen,13,1301,130101
259,teilergebnisplan,13,1301,130101
260,investitionen_produkt,13,1301,130101
261,produktinformationen,13,1302,130201
262,teilergebnisplan,13,1302,130201
263,investitionen_produkt,13,1302,130201
264,produktinformationen,13,1303,130301
265,grundzahlen,13,1303,130301
266,teilergebnisplan,13,1303,130301
267,investitionen_produkt,13,1303,130301
268,teilergebnisplan,14,,
269,produktinformationen,14,1401,140101
270,teilergebnisplan,14,1401,140101
271,teilergebnisplan,15,,
272,investitionen_pb,15,,
273,produktinformationen,15,1501,150101
274,teilergebnisplan,15,1501,150101
275,investitionen_produkt,15,1501,150101
276,produktinformationen,15,1502,150102
277,teilergebnisplan,15,1502,150102
278,teilergebnisplan,16,,
279,investitionen_pb,16,,
280,produktinformationen,16,1601,160101
281,teilergebnisplan,16,1601,160101
282,investitionen_produkt,16,1601,160101
283,sonstige,,,
284,stellenplan,,,
285,stellenplan,,,
286,stellenplan,,,
287,stellenplan,,,
288,stellenplan,,,
289,stellenplan,,,
290,stellenplan,,,
291,querschnitte,,,
292,querschnitte,,,
293,querschnitte,,,
294,querschnitte,,,
295,querschnitte,,,
296,querschnitte,,,
297,querschnitte,,,
298,querschnitte,,,
299,querschnitte,,,
300,querschnitte,,,
301,jahresabschluss,,,
302,jahresabschluss,,,
303,jahresabschluss,,,
304,jahresabschluss,,,
305,jahresabschluss,,,
306,jahresabschluss,,,
307,zuwendungen_fraktionen,,,
308,zuwendungen_fraktionen,,,
309,verpflichtungen_schulden,,,
310,verpflichtungen_schulden,,,
311,verpflichtungen_schulden,,,
312,wirtschaftsplaene,,,
313,wirtschaftsplaene,,,
314,wirtschaftsplaene,,,
315,wirtschaftsplaene,,,
316,wirtschaftsplaene,,,
317,wirtschaftsplaene,,,
318,wirtschaftsplaene,,,
319,wirtschaftsplaene,,,
320,wirtschaftsplaene,,,
321,wirtschaftsplaene,,,
322,wirtschaftsplaene,,,
323,wirtschaftsplaene,,,
324,wirtschaftsplaene,,,
325,wirtschaftsplaene,,,
326,wirtschaftsplaene,,,
327,wirtschaftsplaene,,,
328,wirtschaftsplaene,,,
329,wirtschaftsplaene,,,
330,wirtschaftsplaene,,,
331,wirtschaftsplaene,,,
332,wirtschaftsplaene,,,
333,wirtschaftsplaene,,,
334,wirtschaftsplaene,,,
335,wirtschaftsplaene,,,
336,wirtschaftsplaene,,,
337,wirtschaftsplaene,,,
338,wirtschaftsplaene,,,
339,wirtschaftsplaene,,,
340,wirtschaftsplaene,,,
341,wirtschaftsplaene,,,
342,wirtschaftsplaene,,,
343,wirtschaftsplaene,,,
344,wirtschaftsplaene,,,
345,wirtschaftsplaene,,,
346,wirtschaftsplaene,,,
347,wirtschaftsplaene,,,
348,wirtschaftsplaene,,,
349,wirtschaftsplaene,,,
350,wirtschaftsplaene,,,
351,wirtschaftsplaene,,,
352,wirtschaftsplaene,,,
353,wirtschaftsplaene,,,
354,wirtschaftsplaene,,,
355,wirtschaftsplaene,,,
356,wirtschaftsplaene,,,
357,wirtschaftsplaene,,,
358,wirtschaftsplaene,,,
359,wirtschaftsplaene,,,
360,wirtschaftsplaene,,,
361,wirtschaftsplaene,,,
362,wirtschaftsplaene,,,
363,wirtschaftsplaene,,,
364,wirtschaftsplaene,,,
365,wirtschaftsplaene,,,
366,wirtschaftsplaene,,,
367,wirtschaftsplaene,,,
368,wirtschaftsplaene,,,
369,wirtschaftsplaene,,,
370,wirtschaftsplaene,,,
371,wirtschaftsplaene,,,
372,wirtschaftsplaene,,,
373,wirtschaftsplaene,,,
374,wirtschaftsplaene,,,
375,wirtschaftsplaene,,,
376,kostenstellen_budgets,,,
377,kostenstellen_budgets,,,
378,kostenstellen_budgets,,,
379,kostenstellen_budgets,,,
380,kostenstellen_budgets,,,
381,kostenstellen_budgets,,,
382,kostenstellen_budgets,,,
383,kostenstellen_budgets,,,
384,kostenstellen_budgets,,,
385,kostenstellen_budgets,,,
386,kostenstellen_budgets,,,
387,kostenstellen_budgets,,,
388,kostenstellen_budgets,,,
389,kostenstellen_budgets,,,
390,kostenstellen_budgets,,,
391,kostenstellen_budgets,,,
392,kostenstellen_budgets,,,
393,kostenstellen_budgets,,,
394,kostenstellen_budgets,,,
395,kostenstellen_budgets,,,
396,kostenstellen_budgets,,,
397,kostenstellen_budgets,,,
398,kostenstellen_budgets,,,
399,kostenstellen_budgets,,,
400,kostenstellen_budgets,,,
