teil,produkt,gruppe,stellen_hundertstel,ist_summe,pdf_seite
beamte,0111101,B4,100,false,570
beamte,0111101,A14,5,false,570
beamte,0111101,A13 LG 2.1,5,false,570
beamte,0111101,A11,4,false,570
beamte,0111101,,114,true,570
beamte,0111102,A14,10,false,570
beamte,0111102,A13 LG 2.1,18,false,570
beamte,0111102,A11,79,false,570
beamte,0111102,,107,true,570
beamte,0111104,A14,25,false,570
beamte,0111104,A13 LG 2.1,71,false,570
beamte,0111104,A11,61,false,570
beamte,0111104,,157,true,570
beamte,0111105,A10,6,false,570
beamte,0111105,,6,true,570
beamte,0111107,A14,60,false,570
beamte,0111107,A12,96,false,570
beamte,0111107,A11,58,false,570
beamte,0111107,A10,94,false,570
beamte,0111107,,308,true,570
beamte,0111108,A14,5,false,570
beamte,0111108,A12,100,false,570
beamte,0111108,,105,true,570
beamte,0111109,A13 LG 2.1,6,false,570
beamte,0111109,A11,30,false,570
beamte,0111109,,36,true,570
beamte,0111112,A12,1,false,570
beamte,0111112,,1,true,570
beamte,0212101,A14,3,false,570
beamte,0212101,A10,4,false,570
beamte,0212101,,7,true,570
beamte,0212201,A14,30,false,570
beamte,0212201,A10,4,false,570
beamte,0212201,A9Z,60,false,570
beamte,0212201,,94,true,570
beamte,0212202,A14,1,false,570
beamte,0212202,A10,64,false,570
beamte,0212202,A9Z,23,false,570
beamte,0212202,,88,true,570
beamte,0212601,A14,5,false,570
beamte,0212601,A9Z,68,false,570
beamte,0212601,,73,true,570
beamte,0321101,A14,6,false,570
beamte,0321101,A12,13,false,570
beamte,0321101,A10,18,false,570
beamte,0321101,A9Z,9,false,570
beamte,0321101,A8,8,false,570
beamte,0321101,,54,true,570
beamte,0321801,A14,7,false,570
beamte,0321801,A12,15,false,570
beamte,0321801,A10,12,false,570
beamte,0321801,A9Z,20,false,570
beamte,0321801,A8,8,false,570
beamte,0321801,,62,true,570
beamte,0323201,A14,8,false,570
beamte,0323201,A12,17,false,570
beamte,0323201,A9Z,10,false,570
beamte,0323201,A8,20,false,570
beamte,0323201,,55,true,570
beamte,0324101,A14,1,false,570
beamte,0324101,A12,2,false,570
beamte,0324101,A9Z,14,false,570
beamte,0324101,,17,true,570
beamte,0426301,A14,1,false,570
beamte,0426301,A12,1,false,570
beamte,0426301,A9Z,1,false,570
beamte,0426301,,3,true,570
beamte,0427101,A14,1,false,570
beamte,0427101,A12,2,false,570
beamte,0427101,A9Z,13,false,570
beamte,0427101,,16,true,570
beamte,0427201,A12,1,false,570
beamte,0427201,,1,true,570
beamte,0428101,A14,1,false,570
beamte,0428101,A12,1,false,570
beamte,0428101,,2,true,570
beamte,0428102,A14,7,false,570
beamte,0428102,A12,12,false,570
beamte,0428102,A9Z,22,false,570
beamte,0428102,A8,4,false,570
beamte,0428102,,45,true,570
beamte,0531301,A13 LG 2.1,25,false,570
beamte,0531301,,25,true,570
beamte,0531601,A13 LG 2.1,10,false,570
beamte,0531601,A10,52,false,570
beamte,0531601,,62,true,570
beamte,0531701,A13 LG 2.1,1,false,570
beamte,0531701,A10,5,false,570
beamte,0531701,,6,true,570
beamte,0531801,A13 LG 2.1,19,false,570
beamte,0531801,A10,116,false,570
beamte,0531801,,135,true,570
beamte,0533301,A13 LG 2.1,10,false,570
beamte,0533301,,10,true,570
beamte,0534501,A13 LG 2.1,5,false,570
beamte,0534501,,5,true,570
beamte,0535102,A13 LG 2.1,5,false,570
beamte,0535102,,5,true,570
beamte,0537501,A13 LG 2.1,25,false,570
beamte,0537501,,25,true,570
beamte,0636101,A14,10,false,570
beamte,0636101,A12,19,false,570
beamte,0636101,A10,43,false,570
beamte,0636101,A8,30,false,570
beamte,0636101,,102,true,570
beamte,0636201,A14,4,false,570
beamte,0636201,A12,7,false,570
beamte,0636201,,11,true,570
beamte,0842101,A14,3,false,570
beamte,0842101,A12,5,false,570
beamte,0842101,,8,true,570
beamte,0842401,A14,1,false,570
beamte,0842401,A12,2,false,570
beamte,0842401,,3,true,570
beamte,0842402,A14,1,false,570
beamte,0842402,A12,2,false,570
beamte,0842402,A10,0,false,570
beamte,0842402,A8,3,false,570
beamte,0842402,,6,true,570
beamte,0842403,A14,1,false,570
beamte,0842403,A12,1,false,570
beamte,0842403,A10,0,false,570
beamte,0842403,,2,true,570
beamte,0951101,A12,4,false,570
beamte,0951101,A10,100,false,570
beamte,0951101,,104,true,570
beamte,1153701,A14,3,false,570
beamte,1153701,A9Z,20,false,570
beamte,1153701,,23,true,570
beamte,1153801,A12,2,false,571
beamte,1153801,A11,2,false,571
beamte,1153801,,4,true,571
beamte,1254501,A12,1,false,571
beamte,1254501,A11,1,false,571
beamte,1254501,,2,true,571
beamte,1254701,A14,2,false,571
beamte,1254701,,2,true,571
beamte,1355101,A14,1,false,571
beamte,1355101,,1,true,571
beamte,1355201,A12,1,false,571
beamte,1355201,,1,true,571
beamte,1355301,A14,1,false,571
beamte,1355301,A10,4,false,571
beamte,1355301,,5,true,571
beamte,1456101,A12,8,false,571
beamte,1456101,,8,true,571
beamte,1557101,A12,60,false,571
beamte,1557101,,60,true,571
beamte,1557301,A14,1,false,571
beamte,1557301,A9Z,20,false,571
beamte,1557301,,21,true,571
beamte,1557501,A12,4,false,571
beamte,1557501,,4,true,571
beamte,,B4,100,true,571
beamte,,A14 Wahlbeamte,0,true,571
beamte,,A14,200,true,571
beamte,,A13 LG 2.1,200,true,571
beamte,,A12,375,true,571
beamte,,A11,234,true,571
beamte,,A10,521,true,571
beamte,,A9Z,278,true,571
beamte,,A8,73,true,571
beamte,,,1981,true,571
tarif,0111101,09b,25,false,572
tarif,0111101,08,90,false,572
tarif,0111101,06,35,false,572
tarif,0111101,05,15,false,572
tarif,0111101,,165,true,572
tarif,0111102,11,130,false,572
tarif,0111102,09b,70,false,572
tarif,0111102,06,87,false,572
tarif,0111102,05,135,false,572
tarif,0111102,03,100,false,572
tarif,0111102,,522,true,572
tarif,0111103,09b,5,false,572
tarif,0111103,,5,true,572
tarif,0111104,10,77,false,572
tarif,0111104,06,100,false,572
tarif,0111104,,177,true,572
tarif,0111105,09b,12,false,572
tarif,0111105,06,1,false,572
tarif,0111105,05,1,false,572
tarif,0111105,,14,true,572
tarif,0111106,09b,21,false,572
tarif,0111106,,21,true,572
tarif,0111107,10,10,false,572
tarif,0111107,09b,242,false,572
tarif,0111107,09a,100,false,572
tarif,0111107,08,100,false,572
tarif,0111107,07,100,false,572
tarif,0111107,06,130,false,572
tarif,0111107,,682,true,572
tarif,0111108,11,100,false,572
tarif,0111108,09b,100,false,572
tarif,0111108,09a,100,false,572
tarif,0111108,,300,true,572
tarif,0111109,07,3,false,572
tarif,0111109,,3,true,572
tarif,0111110,14,30,false,572
tarif,0111110,12,85,false,572
tarif,0111110,11,55,false,572
tarif,0111110,09c,90,false,572
tarif,0111110,09a,70,false,572
tarif,0111110,08,45,false,572
tarif,0111110,07,58,false,572
tarif,0111110,06,75,false,572
tarif,0111110,,508,true,572
tarif,0111112,14,3,false,572
tarif,0111112,12,10,false,572
tarif,0111112,10,15,false,572
tarif,0111112,09b,100,false,572
tarif,0111112,09a,2,false,572
tarif,0111112,07,200,false,572
tarif,0111112,06,1612,false,572
tarif,0111112,05,100,false,572
tarif,0111112,,2042,true,572
tarif,0212101,11,5,false,572
tarif,0212101,08,3,false,572
tarif,0212101,,8,true,572
tarif,0212201,11,72,false,572
tarif,0212201,09a,70,false,572
tarif,0212201,08,116,false,572
tarif,0212201,07,326,false,572
tarif,0212201,06,60,false,572
tarif,0212201,05,44,false,572
tarif,0212201,,688,true,572
tarif,0212202,11,1,false,572
tarif,0212202,,1,true,572
tarif,0212601,11,10,false,572
tarif,0212601,07,100,false,572
tarif,0212601,02,3,false,572
tarif,0212601,,113,true,572
tarif,0321101,09c,18,false,572
tarif,0321101,08,15,false,572
tarif,0321101,07,1,false,572
tarif,0321101,06,207,false,572
tarif,0321101,05,35,false,572
tarif,0321101,,276,true,572
tarif,0321801,08,23,false,572
tarif,0321801,07,125,false,572
tarif,0321801,06,134,false,572
sozial_erziehungsdienst,0321801,S12,67,false,572
sozial_erziehungsdienst,0321801,S11b,67,false,572
tarif,0321801,,416,true,572
tarif,0323201,09c,18,false,572
tarif,0323201,08,26,false,572
tarif,0323201,07,83,false,572
tarif,0323201,06,212,false,572
tarif,0323201,05,24,false,572
sozial_erziehungsdienst,0323201,S12,33,false,572
sozial_erziehungsdienst,0323201,S11b,33,false,572
tarif,0323201,,429,true,572
tarif,0426301,07,2,false,572
tarif,0426301,06,3,false,572
tarif,0426301,05,1,false,572
tarif,0426301,,6,true,572
tarif,0427101,07,2,false,572
tarif,0427101,06,3,false,572
tarif,0427101,05,1,false,572
tarif,0427101,,6,true,572
tarif,0427201,07,1,false,572
tarif,0427201,,1,true,572
tarif,0428101,07,1,false,572
tarif,0428101,,1,true,572
tarif,0428102,09c,11,false,572
tarif,0428102,09b,100,false,572
tarif,0428102,08,2,false,572
tarif,0428102,07,51,false,572
tarif,0428102,06,4,false,572
tarif,0428102,05,1,false,572
tarif,0428102,,169,true,572
tarif,0531301,09c,1,false,572
tarif,0531301,09b,41,false,572
tarif,0531301,09a,30,false,572
sozial_erziehungsdienst,0531301,S11b,120,false,572
tarif,0531301,,192,true,572
tarif,0531601,09c,114,false,572
tarif,0531601,,114,true,572
tarif,0531701,09c,11,false,572
tarif,0531701,,11,true,572
tarif,0531801,09c,255,false,572
tarif,0531801,,255,true,572
tarif,0533301,09c,61,false,572
tarif,0533301,09a,54,false,572
tarif,0533301,,115,true,572
tarif,0534501,09c,41,false,572
tarif,0534501,09a,106,false,572
tarif,0534501,,147,true,572
tarif,0535102,09c,1,false,572
tarif,0535102,09a,40,false,572
tarif,0535102,,41,true,572
tarif,0537501,12,15,false,572
tarif,0537501,11,15,false,572
tarif,0537501,09c,11,false,572
tarif,0537501,09a,100,false,572
tarif,0537501,07,6,false,572
tarif,0537501,06,25,false,572
tarif,0537501,05,100,false,572
tarif,0537501,03,100,false,572
sozial_erziehungsdienst,0537501,S11b,80,false,572
tarif,0537501,,452,true,572
tarif,0636101,08,26,false,572
tarif,0636101,07,37,false,572
tarif,0636101,,63,true,572
tarif,0636201,09c,11,false,572
tarif,0636201,07,4,false,572
tarif,0636201,,15,true,572
tarif,0636601,14,7,false,572
tarif,0636601,12,2,false,572
tarif,0636601,10,15,false,572
tarif,0636601,07,4,false,572
tarif,0636601,,28,true,572
tarif,0842101,09c,7,false,572
tarif,0842101,08,3,false,572
tarif,0842101,07,1,false,572
tarif,0842101,,11,true,572
tarif,0842401,14,6,false,572
tarif,0842401,12,2,false,572
tarif,0842401,10,20,false,572
tarif,0842401,09c,7,false,572
tarif,0842401,07,5,false,572
tarif,0842401,05,26,false,572
tarif,0842401,02,32,false,572
tarif,0842401,,98,true,572
tarif,0842402,06,68,false,572
tarif,0842402,05,21,false,572
tarif,0842402,,89,true,572
tarif,0842403,08,105,false,572
tarif,0842403,07,100,false,572
tarif,0842403,05,50,false,572
tarif,0842403,02,24,false,572
tarif,0842403,,279,true,572
tarif,0951101,14,32,false,572
tarif,0951101,11,137,false,572
tarif,0951101,09a,30,false,572
tarif,0951101,05,77,false,572
tarif,0951101,,276,true,572
tarif,1052101,11,2,false,573
tarif,1052101,09b,10,false,573
tarif,1052101,09a,65,false,573
tarif,1052101,,77,true,573
tarif,1052301,11,30,false,573
tarif,1052301,,30,true,573
tarif,1153701,11,5,false,573
tarif,1153701,09b,7,false,573
tarif,1153701,06,40,false,573
tarif,1153701,,52,true,573
tarif,1153801,14,5,false,573
tarif,1153801,12,43,false,573
tarif,1153801,11,98,false,573
tarif,1153801,10,83,false,573
tarif,1153801,09b,129,false,573
tarif,1153801,09a,1,false,573
tarif,1153801,08,22,false,573
tarif,1153801,06,487,false,573
tarif,1153801,05,25,false,573
tarif,1153801,,893,true,573
tarif,1153802,11,2,false,573
tarif,1153802,09b,3,false,573
tarif,1153802,,5,true,573
tarif,1254101,14,5,false,573
tarif,1254101,12,36,false,573
tarif,1254101,11,12,false,573
tarif,1254101,10,14,false,573
tarif,1254101,09b,26,false,573
tarif,1254101,09a,88,false,573
tarif,1254101,08,22,false,573
tarif,1254101,07,80,false,573
tarif,1254101,05,25,false,573
tarif,1254101,,308,true,573
tarif,1254102,14,2,false,573
tarif,1254102,12,1,false,573
tarif,1254102,09a,8,false,573
tarif,1254102,,11,true,573
tarif,1254201,14,4,false,573
tarif,1254201,12,2,false,573
tarif,1254201,09a,2,false,573
tarif,1254201,,8,true,573
tarif,1254301,14,2,false,573
tarif,1254301,12,2,false,573
tarif,1254301,09a,2,false,573
tarif,1254301,,6,true,573
tarif,1254501,06,20,false,573
tarif,1254501,,20,true,573
tarif,1254601,11,3,false,573
tarif,1254601,,3,true,573
tarif,1254701,11,3,false,573
tarif,1254701,09a,2,false,573
tarif,1254701,,5,true,573
tarif,1355101,14,2,false,573
tarif,1355101,12,1,false,573
tarif,1355101,11,2,false,573
tarif,1355101,10,5,false,573
tarif,1355101,09a,25,false,573
tarif,1355101,07,3,false,573
tarif,1355101,05,105,false,573
tarif,1355101,,143,true,573
tarif,1355102,14,2,false,573
tarif,1355102,12,1,false,573
tarif,1355102,10,20,false,573
tarif,1355102,09a,2,false,573
tarif,1355102,07,5,false,573
tarif,1355102,,30,true,573
tarif,1355201,11,50,false,573
tarif,1355201,09b,3,false,573
tarif,1355201,06,10,false,573
tarif,1355201,,63,true,573
tarif,1355301,11,1,false,573
tarif,1355301,,1,true,573
tarif,1456101,11,105,false,573
tarif,1456101,10,5,false,573
tarif,1456101,,110,true,573
tarif,1557101,11,10,false,573
tarif,1557101,,10,true,573
tarif,1557301,11,1,false,573
tarif,1557301,09a,3,false,573
tarif,1557301,,4,true,573
tarif,1557501,11,5,false,573
tarif,1557501,,5,true,573
tarif,,14,100,true,573
tarif,,12,200,true,573
tarif,,11,854,true,573
tarif,,10,264,true,573
tarif,,09c,659,true,573
tarif,,09b,892,true,573
tarif,,09a,900,true,573
tarif,,08,599,true,573
tarif,,07,1297,true,573
tarif,,06,3312,true,573
tarif,,05,785,true,573
tarif,,03,200,true,573
tarif,,02,59,true,573
sozial_erziehungsdienst,,S12,100,true,573
sozial_erziehungsdienst,,S11b,300,true,573
tarif,,,10521,true,573
