pb,pg,gesamtsumme,plan,kennzahl,betrag,pdf_seite
,,true,ergebnisplan,ausserordentliches_ergebnis,0,110
,,true,ergebnisplan,ergebnis_laufende_verwaltung,-2740330,110
,,true,ergebnisplan,ergebnis_teilhaushalt,-2740330,110
,,true,ergebnisplan,finanzergebnis,-162608,110
,,true,ergebnisplan,ordentliche_aufwendungen,61336557,110
,,true,ergebnisplan,ordentliche_ertraege,58758835,110
,,true,ergebnisplan,ordentliches_ergebnis,-2577722,110
01,01111,false,ergebnisplan,ausserordentliches_ergebnis,0,85
01,01111,false,ergebnisplan,ergebnis_laufende_verwaltung,-10275091,85
01,01111,false,ergebnisplan,ergebnis_teilhaushalt,-10275091,85
01,01111,false,ergebnisplan,finanzergebnis,0,85
01,01111,false,ergebnisplan,ordentliche_aufwendungen,12437877,85
01,01111,false,ergebnisplan,ordentliche_ertraege,2162786,85
01,01111,false,ergebnisplan,ordentliches_ergebnis,-10275091,85
02,02121,false,ergebnisplan,ausserordentliches_ergebnis,0,85
02,02121,false,ergebnisplan,ergebnis_laufende_verwaltung,-14409,85
02,02121,false,ergebnisplan,ergebnis_teilhaushalt,-14409,85
02,02121,false,ergebnisplan,finanzergebnis,0,85
02,02121,false,ergebnisplan,ordentliche_aufwendungen,14409,85
02,02121,false,ergebnisplan,ordentliche_ertraege,0,85
02,02121,false,ergebnisplan,ordentliches_ergebnis,-14409,85
02,02122,false,ergebnisplan,ausserordentliches_ergebnis,0,86
02,02122,false,ergebnisplan,ergebnis_laufende_verwaltung,-593474,86
02,02122,false,ergebnisplan,ergebnis_teilhaushalt,-593474,86
02,02122,false,ergebnisplan,finanzergebnis,0,86
02,02122,false,ergebnisplan,ordentliche_aufwendungen,854224,86
02,02122,false,ergebnisplan,ordentliche_ertraege,260750,86
02,02122,false,ergebnisplan,ordentliches_ergebnis,-593474,86
02,02126,false,ergebnisplan,ausserordentliches_ergebnis,0,86
02,02126,false,ergebnisplan,ergebnis_laufende_verwaltung,-476223,86
02,02126,false,ergebnisplan,ergebnis_teilhaushalt,-476223,86
02,02126,false,ergebnisplan,finanzergebnis,0,86
02,02126,false,ergebnisplan,ordentliche_aufwendungen,788154,86
02,02126,false,ergebnisplan,ordentliche_ertraege,311931,86
02,02126,false,ergebnisplan,ordentliches_ergebnis,-476223,86
03,03211,false,ergebnisplan,ausserordentliches_ergebnis,0,87
03,03211,false,ergebnisplan,ergebnis_laufende_verwaltung,-460213,87
03,03211,false,ergebnisplan,ergebnis_teilhaushalt,-460213,87
03,03211,false,ergebnisplan,finanzergebnis,0,87
03,03211,false,ergebnisplan,ordentliche_aufwendungen,1017712,87
03,03211,false,ergebnisplan,ordentliche_ertraege,557499,87
03,03211,false,ergebnisplan,ordentliches_ergebnis,-460213,87
03,03218,false,ergebnisplan,ausserordentliches_ergebnis,0,87
03,03218,false,ergebnisplan,ergebnis_laufende_verwaltung,-367716,87
03,03218,false,ergebnisplan,ergebnis_teilhaushalt,-367716,87
03,03218,false,ergebnisplan,finanzergebnis,0,87
03,03218,false,ergebnisplan,ordentliche_aufwendungen,1244985,87
03,03218,false,ergebnisplan,ordentliche_ertraege,877269,87
03,03218,false,ergebnisplan,ordentliches_ergebnis,-367716,87
03,03232,false,ergebnisplan,ausserordentliches_ergebnis,0,88
03,03232,false,ergebnisplan,ergebnis_laufende_verwaltung,-1066589,88
03,03232,false,ergebnisplan,ergebnis_teilhaushalt,-1066589,88
03,03232,false,ergebnisplan,finanzergebnis,0,88
03,03232,false,ergebnisplan,ordentliche_aufwendungen,2128989,88
03,03232,false,ergebnisplan,ordentliche_ertraege,1062400,88
03,03232,false,ergebnisplan,ordentliches_ergebnis,-1066589,88
03,03241,false,ergebnisplan,ausserordentliches_ergebnis,0,88
03,03241,false,ergebnisplan,ergebnis_laufende_verwaltung,-893387,88
03,03241,false,ergebnisplan,ergebnis_teilhaushalt,-893387,88
03,03241,false,ergebnisplan,finanzergebnis,0,88
03,03241,false,ergebnisplan,ordentliche_aufwendungen,1038387,88
03,03241,false,ergebnisplan,ordentliche_ertraege,145000,88
03,03241,false,ergebnisplan,ordentliches_ergebnis,-893387,88
04,04263,false,ergebnisplan,ausserordentliches_ergebnis,0,89
04,04263,false,ergebnisplan,ergebnis_laufende_verwaltung,-97881,89
04,04263,false,ergebnisplan,ergebnis_teilhaushalt,-97881,89
04,04263,false,ergebnisplan,finanzergebnis,0,89
04,04263,false,ergebnisplan,ordentliche_aufwendungen,97881,89
04,04263,false,ergebnisplan,ordentliche_ertraege,0,89
04,04263,false,ergebnisplan,ordentliches_ergebnis,-97881,89
04,04271,false,ergebnisplan,ausserordentliches_ergebnis,0,89
04,04271,false,ergebnisplan,ergebnis_laufende_verwaltung,-73762,89
04,04271,false,ergebnisplan,ergebnis_teilhaushalt,-73762,89
04,04271,false,ergebnisplan,finanzergebnis,0,89
04,04271,false,ergebnisplan,ordentliche_aufwendungen,73762,89
04,04271,false,ergebnisplan,ordentliche_ertraege,0,89
04,04271,false,ergebnisplan,ordentliches_ergebnis,-73762,89
04,04272,false,ergebnisplan,ausserordentliches_ergebnis,0,90
04,04272,false,ergebnisplan,ergebnis_laufende_verwaltung,-15591,90
04,04272,false,ergebnisplan,ergebnis_teilhaushalt,-15591,90
04,04272,false,ergebnisplan,finanzergebnis,0,90
04,04272,false,ergebnisplan,ordentliche_aufwendungen,15591,90
04,04272,false,ergebnisplan,ordentliche_ertraege,0,90
04,04272,false,ergebnisplan,ordentliches_ergebnis,-15591,90
04,04281,false,ergebnisplan,ausserordentliches_ergebnis,0,90
04,04281,false,ergebnisplan,ergebnis_laufende_verwaltung,-248790,90
04,04281,false,ergebnisplan,ergebnis_teilhaushalt,-248790,90
04,04281,false,ergebnisplan,finanzergebnis,0,90
04,04281,false,ergebnisplan,ordentliche_aufwendungen,376758,90
04,04281,false,ergebnisplan,ordentliche_ertraege,127968,90
04,04281,false,ergebnisplan,ordentliches_ergebnis,-248790,90
05,05312,false,ergebnisplan,ausserordentliches_ergebnis,0,91
05,05312,false,ergebnisplan,ergebnis_laufende_verwaltung,0,91
05,05312,false,ergebnisplan,ergebnis_teilhaushalt,0,91
05,05312,false,ergebnisplan,finanzergebnis,0,91
05,05312,false,ergebnisplan,ordentliche_aufwendungen,0,91
05,05312,false,ergebnisplan,ordentliche_ertraege,0,91
05,05312,false,ergebnisplan,ordentliches_ergebnis,0,91
05,05313,false,ergebnisplan,ausserordentliches_ergebnis,0,91
05,05313,false,ergebnisplan,ergebnis_laufende_verwaltung,-651672,91
05,05313,false,ergebnisplan,ergebnis_teilhaushalt,-651672,91
05,05313,false,ergebnisplan,finanzergebnis,0,91
05,05313,false,ergebnisplan,ordentliche_aufwendungen,1710672,91
05,05313,false,ergebnisplan,ordentliche_ertraege,1059000,91
05,05313,false,ergebnisplan,ordentliches_ergebnis,-651672,91
05,05316,false,ergebnisplan,ausserordentliches_ergebnis,0,92
05,05316,false,ergebnisplan,ergebnis_laufende_verwaltung,-940407,92
05,05316,false,ergebnisplan,ergebnis_teilhaushalt,-940407,92
05,05316,false,ergebnisplan,finanzergebnis,0,92
05,05316,false,ergebnisplan,ordentliche_aufwendungen,1039807,92
05,05316,false,ergebnisplan,ordentliche_ertraege,99400,92
05,05316,false,ergebnisplan,ordentliches_ergebnis,-940407,92
05,05317,false,ergebnisplan,ausserordentliches_ergebnis,0,92
05,05317,false,ergebnisplan,ergebnis_laufende_verwaltung,-1661,92
05,05317,false,ergebnisplan,ergebnis_teilhaushalt,-1661,92
05,05317,false,ergebnisplan,finanzergebnis,0,92
05,05317,false,ergebnisplan,ordentliche_aufwendungen,5691,92
05,05317,false,ergebnisplan,ordentliche_ertraege,4030,92
05,05317,false,ergebnisplan,ordentliches_ergebnis,-1661,92
05,05318,false,ergebnisplan,ausserordentliches_ergebnis,0,93
05,05318,false,ergebnisplan,ergebnis_laufende_verwaltung,-72294,93
05,05318,false,ergebnisplan,ergebnis_teilhaushalt,-72294,93
05,05318,false,ergebnisplan,finanzergebnis,0,93
05,05318,false,ergebnisplan,ordentliche_aufwendungen,293294,93
05,05318,false,ergebnisplan,ordentliche_ertraege,221000,93
05,05318,false,ergebnisplan,ordentliches_ergebnis,-72294,93
05,05333,false,ergebnisplan,ausserordentliches_ergebnis,0,93
05,05333,false,ergebnisplan,ergebnis_laufende_verwaltung,-108718,93
05,05333,false,ergebnisplan,ergebnis_teilhaushalt,-108718,93
05,05333,false,ergebnisplan,finanzergebnis,0,93
05,05333,false,ergebnisplan,ordentliche_aufwendungen,108718,93
05,05333,false,ergebnisplan,ordentliche_ertraege,0,93
05,05333,false,ergebnisplan,ordentliches_ergebnis,-108718,93
05,05345,false,ergebnisplan,ausserordentliches_ergebnis,0,94
05,05345,false,ergebnisplan,ergebnis_laufende_verwaltung,-121849,94
05,05345,false,ergebnisplan,ergebnis_teilhaushalt,-121849,94
05,05345,false,ergebnisplan,finanzergebnis,0,94
05,05345,false,ergebnisplan,ordentliche_aufwendungen,122349,94
05,05345,false,ergebnisplan,ordentliche_ertraege,500,94
05,05345,false,ergebnisplan,ordentliches_ergebnis,-121849,94
05,05351,false,ergebnisplan,ausserordentliches_ergebnis,0,94
05,05351,false,ergebnisplan,ergebnis_laufende_verwaltung,-46099,94
05,05351,false,ergebnisplan,ergebnis_teilhaushalt,-46099,94
05,05351,false,ergebnisplan,finanzergebnis,0,94
05,05351,false,ergebnisplan,ordentliche_aufwendungen,46099,94
05,05351,false,ergebnisplan,ordentliche_ertraege,0,94
05,05351,false,ergebnisplan,ordentliches_ergebnis,-46099,94
05,05375,false,ergebnisplan,ausserordentliches_ergebnis,0,95
05,05375,false,ergebnisplan,ergebnis_laufende_verwaltung,870319,95
05,05375,false,ergebnisplan,ergebnis_teilhaushalt,870319,95
05,05375,false,ergebnisplan,finanzergebnis,0,95
05,05375,false,ergebnisplan,ordentliche_aufwendungen,631381,95
05,05375,false,ergebnisplan,ordentliche_ertraege,1501700,95
05,05375,false,ergebnisplan,ordentliches_ergebnis,870319,95
06,06361,false,ergebnisplan,ausserordentliches_ergebnis,0,95
06,06361,false,ergebnisplan,ergebnis_laufende_verwaltung,-1271902,95
06,06361,false,ergebnisplan,ergebnis_teilhaushalt,-1271902,95
06,06361,false,ergebnisplan,finanzergebnis,0,95
06,06361,false,ergebnisplan,ordentliche_aufwendungen,1315902,95
06,06361,false,ergebnisplan,ordentliche_ertraege,44000,95
06,06361,false,ergebnisplan,ordentliches_ergebnis,-1271902,95
06,06362,false,ergebnisplan,ausserordentliches_ergebnis,0,96
06,06362,false,ergebnisplan,ergebnis_laufende_verwaltung,-198829,96
06,06362,false,ergebnisplan,ergebnis_teilhaushalt,-198829,96
06,06362,false,ergebnisplan,finanzergebnis,0,96
06,06362,false,ergebnisplan,ordentliche_aufwendungen,198829,96
06,06362,false,ergebnisplan,ordentliche_ertraege,0,96
06,06362,false,ergebnisplan,ordentliches_ergebnis,-198829,96
06,06366,false,ergebnisplan,ausserordentliches_ergebnis,0,96
06,06366,false,ergebnisplan,ergebnis_laufende_verwaltung,-44759,96
06,06366,false,ergebnisplan,ergebnis_teilhaushalt,-44759,96
06,06366,false,ergebnisplan,finanzergebnis,0,96
06,06366,false,ergebnisplan,ordentliche_aufwendungen,105259,96
06,06366,false,ergebnisplan,ordentliche_ertraege,60500,96
06,06366,false,ergebnisplan,ordentliches_ergebnis,-44759,96
07,07411,false,ergebnisplan,ausserordentliches_ergebnis,0,97
07,07411,false,ergebnisplan,ergebnis_laufende_verwaltung,-345000,97
07,07411,false,ergebnisplan,ergebnis_teilhaushalt,-345000,97
07,07411,false,ergebnisplan,finanzergebnis,0,97
07,07411,false,ergebnisplan,ordentliche_aufwendungen,345000,97
07,07411,false,ergebnisplan,ordentliche_ertraege,0,97
07,07411,false,ergebnisplan,ordentliches_ergebnis,-345000,97
08,08421,false,ergebnisplan,ausserordentliches_ergebnis,0,97
08,08421,false,ergebnisplan,ergebnis_laufende_verwaltung,-133251,97
08,08421,false,ergebnisplan,ergebnis_teilhaushalt,-133251,97
08,08421,false,ergebnisplan,finanzergebnis,0,97
08,08421,false,ergebnisplan,ordentliche_aufwendungen,133251,97
08,08421,false,ergebnisplan,ordentliche_ertraege,0,97
08,08421,false,ergebnisplan,ordentliches_ergebnis,-133251,97
08,08424,false,ergebnisplan,ausserordentliches_ergebnis,0,98
08,08424,false,ergebnisplan,ergebnis_laufende_verwaltung,-552396,98
08,08424,false,ergebnisplan,ergebnis_teilhaushalt,-552396,98
08,08424,false,ergebnisplan,finanzergebnis,0,98
08,08424,false,ergebnisplan,ordentliche_aufwendungen,843866,98
08,08424,false,ergebnisplan,ordentliche_ertraege,291470,98
08,08424,false,ergebnisplan,ordentliches_ergebnis,-552396,98
09,09511,false,ergebnisplan,ausserordentliches_ergebnis,0,98
09,09511,false,ergebnisplan,ergebnis_laufende_verwaltung,-328029,98
09,09511,false,ergebnisplan,ergebnis_teilhaushalt,-328029,98
09,09511,false,ergebnisplan,finanzergebnis,0,98
09,09511,false,ergebnisplan,ordentliche_aufwendungen,421529,98
09,09511,false,ergebnisplan,ordentliche_ertraege,93500,98
09,09511,false,ergebnisplan,ordentliches_ergebnis,-328029,98
10,10521,false,ergebnisplan,ausserordentliches_ergebnis,0,99
10,10521,false,ergebnisplan,ergebnis_laufende_verwaltung,-54050,99
10,10521,false,ergebnisplan,ergebnis_teilhaushalt,-54050,99
10,10521,false,ergebnisplan,finanzergebnis,0,99
10,10521,false,ergebnisplan,ordentliche_aufwendungen,59550,99
10,10521,false,ergebnisplan,ordentliche_ertraege,5500,99
10,10521,false,ergebnisplan,ordentliches_ergebnis,-54050,99
10,10522,false,ergebnisplan,ausserordentliches_ergebnis,0,99
10,10522,false,ergebnisplan,ergebnis_laufende_verwaltung,-100,99
10,10522,false,ergebnisplan,ergebnis_teilhaushalt,-100,99
10,10522,false,ergebnisplan,finanzergebnis,0,99
10,10522,false,ergebnisplan,ordentliche_aufwendungen,100,99
10,10522,false,ergebnisplan,ordentliche_ertraege,0,99
10,10522,false,ergebnisplan,ordentliches_ergebnis,-100,99
10,10523,false,ergebnisplan,ausserordentliches_ergebnis,0,100
10,10523,false,ergebnisplan,ergebnis_laufende_verwaltung,-33067,100
10,10523,false,ergebnisplan,ergebnis_teilhaushalt,-33067,100
10,10523,false,ergebnisplan,finanzergebnis,0,100
10,10523,false,ergebnisplan,ordentliche_aufwendungen,39167,100
10,10523,false,ergebnisplan,ordentliche_ertraege,6100,100
10,10523,false,ergebnisplan,ordentliches_ergebnis,-33067,100
11,11531,false,ergebnisplan,ausserordentliches_ergebnis,0,100
11,11531,false,ergebnisplan,ergebnis_laufende_verwaltung,621200,100
11,11531,false,ergebnisplan,ergebnis_teilhaushalt,621200,100
11,11531,false,ergebnisplan,finanzergebnis,0,100
11,11531,false,ergebnisplan,ordentliche_aufwendungen,0,100
11,11531,false,ergebnisplan,ordentliche_ertraege,621200,100
11,11531,false,ergebnisplan,ordentliches_ergebnis,621200,100
11,11532,false,ergebnisplan,ausserordentliches_ergebnis,0,101
11,11532,false,ergebnisplan,ergebnis_laufende_verwaltung,36000,101
11,11532,false,ergebnisplan,ergebnis_teilhaushalt,36000,101
11,11532,false,ergebnisplan,finanzergebnis,0,101
11,11532,false,ergebnisplan,ordentliche_aufwendungen,0,101
11,11532,false,ergebnisplan,ordentliche_ertraege,36000,101
11,11532,false,ergebnisplan,ordentliches_ergebnis,36000,101
11,11537,false,ergebnisplan,ausserordentliches_ergebnis,0,101
11,11537,false,ergebnisplan,ergebnis_laufende_verwaltung,175804,101
11,11537,false,ergebnisplan,ergebnis_teilhaushalt,175804,101
11,11537,false,ergebnisplan,finanzergebnis,2300,101
11,11537,false,ergebnisplan,ordentliche_aufwendungen,1452964,101
11,11537,false,ergebnisplan,ordentliche_ertraege,1626468,101
11,11537,false,ergebnisplan,ordentliches_ergebnis,173504,101
11,11538,false,ergebnisplan,ausserordentliches_ergebnis,0,102
11,11538,false,ergebnisplan,ergebnis_laufende_verwaltung,2709132,102
11,11538,false,ergebnisplan,ergebnis_teilhaushalt,2709132,102
11,11538,false,ergebnisplan,finanzergebnis,0,102
11,11538,false,ergebnisplan,ordentliche_aufwendungen,3656213,102
11,11538,false,ergebnisplan,ordentliche_ertraege,6365345,102
11,11538,false,ergebnisplan,ordentliches_ergebnis,2709132,102
12,12541,false,ergebnisplan,ausserordentliches_ergebnis,0,102
12,12541,false,ergebnisplan,ergebnis_laufende_verwaltung,-2269570,102
12,12541,false,ergebnisplan,ergebnis_teilhaushalt,-2269570,102
12,12541,false,ergebnisplan,finanzergebnis,0,102
12,12541,false,ergebnisplan,ordentliche_aufwendungen,3411570,102
12,12541,false,ergebnisplan,ordentliche_ertraege,1142000,102
12,12541,false,ergebnisplan,ordentliches_ergebnis,-2269570,102
12,12542,false,ergebnisplan,ausserordentliches_ergebnis,0,103
12,12542,false,ergebnisplan,ergebnis_laufende_verwaltung,-9864,103
12,12542,false,ergebnisplan,ergebnis_teilhaushalt,-9864,103
12,12542,false,ergebnisplan,finanzergebnis,0,103
12,12542,false,ergebnisplan,ordentliche_aufwendungen,12664,103
12,12542,false,ergebnisplan,ordentliche_ertraege,2800,103
12,12542,false,ergebnisplan,ordentliches_ergebnis,-9864,103
12,12543,false,ergebnisplan,ausserordentliches_ergebnis,0,103
12,12543,false,ergebnisplan,ergebnis_laufende_verwaltung,-6046,103
12,12543,false,ergebnisplan,ergebnis_teilhaushalt,-6046,103
12,12543,false,ergebnisplan,finanzergebnis,0,103
12,12543,false,ergebnisplan,ordentliche_aufwendungen,6046,103
12,12543,false,ergebnisplan,ordentliche_ertraege,0,103
12,12543,false,ergebnisplan,ordentliches_ergebnis,-6046,103
12,12545,false,ergebnisplan,ausserordentliches_ergebnis,0,104
12,12545,false,ergebnisplan,ergebnis_laufende_verwaltung,15535,104
12,12545,false,ergebnisplan,ergebnis_teilhaushalt,15535,104
12,12545,false,ergebnisplan,finanzergebnis,80,104
12,12545,false,ergebnisplan,ordentliche_aufwendungen,31371,104
12,12545,false,ergebnisplan,ordentliche_ertraege,46826,104
12,12545,false,ergebnisplan,ordentliches_ergebnis,15455,104
12,12546,false,ergebnisplan,ausserordentliches_ergebnis,0,104
12,12546,false,ergebnisplan,ergebnis_laufende_verwaltung,-11651,104
12,12546,false,ergebnisplan,ergebnis_teilhaushalt,-11651,104
12,12546,false,ergebnisplan,finanzergebnis,0,104
12,12546,false,ergebnisplan,ordentliche_aufwendungen,16651,104
12,12546,false,ergebnisplan,ordentliche_ertraege,5000,104
12,12546,false,ergebnisplan,ordentliches_ergebnis,-11651,104
12,12547,false,ergebnisplan,ausserordentliches_ergebnis,0,105
12,12547,false,ergebnisplan,ergebnis_laufende_verwaltung,-27283,105
12,12547,false,ergebnisplan,ergebnis_teilhaushalt,-27283,105
12,12547,false,ergebnisplan,finanzergebnis,0,105
12,12547,false,ergebnisplan,ordentliche_aufwendungen,68483,105
12,12547,false,ergebnisplan,ordentliche_ertraege,41200,105
12,12547,false,ergebnisplan,ordentliches_ergebnis,-27283,105
13,13551,false,ergebnisplan,ausserordentliches_ergebnis,0,105
13,13551,false,ergebnisplan,ergebnis_laufende_verwaltung,-104918,105
13,13551,false,ergebnisplan,ergebnis_teilhaushalt,-104918,105
13,13551,false,ergebnisplan,finanzergebnis,0,105
13,13551,false,ergebnisplan,ordentliche_aufwendungen,186158,105
13,13551,false,ergebnisplan,ordentliche_ertraege,81240,105
13,13551,false,ergebnisplan,ordentliches_ergebnis,-104918,105
13,13552,false,ergebnisplan,ausserordentliches_ergebnis,0,106
13,13552,false,ergebnisplan,ergebnis_laufende_verwaltung,15923,106
13,13552,false,ergebnisplan,ergebnis_teilhaushalt,15923,106
13,13552,false,ergebnisplan,finanzergebnis,0,106
13,13552,false,ergebnisplan,ordentliche_aufwendungen,271766,106
13,13552,false,ergebnisplan,ordentliche_ertraege,287689,106
13,13552,false,ergebnisplan,ordentliches_ergebnis,15923,106
13,13553,false,ergebnisplan,ausserordentliches_ergebnis,0,106
13,13553,false,ergebnisplan,ergebnis_laufende_verwaltung,-9500,106
13,13553,false,ergebnisplan,ergebnis_teilhaushalt,-9500,106
13,13553,false,ergebnisplan,finanzergebnis,0,106
13,13553,false,ergebnisplan,ordentliche_aufwendungen,13310,106
13,13553,false,ergebnisplan,ordentliche_ertraege,3810,106
13,13553,false,ergebnisplan,ordentliches_ergebnis,-9500,106
14,14561,false,ergebnisplan,ausserordentliches_ergebnis,0,107
14,14561,false,ergebnisplan,ergebnis_laufende_verwaltung,-163665,107
14,14561,false,ergebnisplan,ergebnis_teilhaushalt,-163665,107
14,14561,false,ergebnisplan,finanzergebnis,0,107
14,14561,false,ergebnisplan,ordentliche_aufwendungen,220565,107
14,14561,false,ergebnisplan,ordentliche_ertraege,56900,107
14,14561,false,ergebnisplan,ordentliches_ergebnis,-163665,107
15,15571,false,ergebnisplan,ausserordentliches_ergebnis,0,107
15,15571,false,ergebnisplan,ergebnis_laufende_verwaltung,-283058,107
15,15571,false,ergebnisplan,ergebnis_teilhaushalt,-283058,107
15,15571,false,ergebnisplan,finanzergebnis,0,107
15,15571,false,ergebnisplan,ordentliche_aufwendungen,288958,107
15,15571,false,ergebnisplan,ordentliche_ertraege,5900,107
15,15571,false,ergebnisplan,ordentliches_ergebnis,-283058,107
15,15573,false,ergebnisplan,ausserordentliches_ergebnis,0,108
15,15573,false,ergebnisplan,ergebnis_laufende_verwaltung,94832,108
15,15573,false,ergebnisplan,ergebnis_teilhaushalt,94832,108
15,15573,false,ergebnisplan,finanzergebnis,196637,108
15,15573,false,ergebnisplan,ordentliche_aufwendungen,135756,108
15,15573,false,ergebnisplan,ordentliche_ertraege,33951,108
15,15573,false,ergebnisplan,ordentliches_ergebnis,-101805,108
15,15575,false,ergebnisplan,ausserordentliches_ergebnis,0,108
15,15575,false,ergebnisplan,ergebnis_laufende_verwaltung,-12389,108
15,15575,false,ergebnisplan,ergebnis_teilhaushalt,-12389,108
15,15575,false,ergebnisplan,finanzergebnis,0,108
15,15575,false,ergebnisplan,ordentliche_aufwendungen,32089,108
15,15575,false,ergebnisplan,ordentliche_ertraege,19700,108
15,15575,false,ergebnisplan,ordentliches_ergebnis,-12389,108
16,16611,false,ergebnisplan,ausserordentliches_ergebnis,0,109
16,16611,false,ergebnisplan,ergebnis_laufende_verwaltung,15488503,109
16,16611,false,ergebnisplan,ergebnis_teilhaushalt,15488503,109
16,16611,false,ergebnisplan,finanzergebnis,0,109
16,16611,false,ergebnisplan,ordentliche_aufwendungen,24002000,109
16,16611,false,ergebnisplan,ordentliche_ertraege,39490503,109
16,16611,false,ergebnisplan,ordentliches_ergebnis,15488503,109
16,16612,false,ergebnisplan,ausserordentliches_ergebnis,0,109
16,16612,false,ergebnisplan,ergebnis_laufende_verwaltung,-376625,109
16,16612,false,ergebnisplan,ergebnis_teilhaushalt,-376625,109
16,16612,false,ergebnisplan,finanzergebnis,-361625,109
16,16612,false,ergebnisplan,ordentliche_aufwendungen,15000,109
16,16612,false,ergebnisplan,ordentliche_ertraege,0,109
16,16612,false,ergebnisplan,ordentliches_ergebnis,-15000,109
,,true,finanzplan,auszahlungen_finanzierung,2293842,110
,,true,finanzplan,auszahlungen_investitionen,25955896,110
,,true,finanzplan,auszahlungen_laufende_verwaltung,55617932,110
,,true,finanzplan,einzahlungen_finanzierung,17527000,110
,,true,finanzplan,einzahlungen_investitionen,8428083,110
,,true,finanzplan,einzahlungen_laufende_verwaltung,53747058,110
,,true,finanzplan,finanzmittelueberschuss,-19398687,110
,,true,finanzplan,saldo_finanzierung,15233158,110
,,true,finanzplan,saldo_investitionen,-17527813,110
,,true,finanzplan,saldo_laufende_verwaltung,-1870874,110
01,01111,false,finanzplan,auszahlungen_investitionen,16629350,85
01,01111,false,finanzplan,auszahlungen_laufende_verwaltung,11540957,85
01,01111,false,finanzplan,einzahlungen_investitionen,2192600,85
01,01111,false,finanzplan,einzahlungen_laufende_verwaltung,714804,85
01,01111,false,finanzplan,finanzmittelueberschuss,-25262903,85
01,01111,false,finanzplan,saldo_investitionen,-14436750,85
01,01111,false,finanzplan,saldo_laufende_verwaltung,-10826153,85
02,02121,false,finanzplan,auszahlungen_laufende_verwaltung,12221,85
02,02121,false,finanzplan,finanzmittelueberschuss,-12221,85
02,02121,false,finanzplan,saldo_laufende_verwaltung,-12221,85
02,02122,false,finanzplan,auszahlungen_investitionen,108125,86
02,02122,false,finanzplan,auszahlungen_laufende_verwaltung,783629,86
02,02122,false,finanzplan,einzahlungen_laufende_verwaltung,253950,86
02,02122,false,finanzplan,finanzmittelueberschuss,-637804,86
02,02122,false,finanzplan,saldo_investitionen,-108125,86
02,02122,false,finanzplan,saldo_laufende_verwaltung,-529679,86
02,02126,false,finanzplan,auszahlungen_investitionen,620000,86
02,02126,false,finanzplan,auszahlungen_laufende_verwaltung,386005,86
02,02126,false,finanzplan,einzahlungen_investitionen,110000,86
02,02126,false,finanzplan,einzahlungen_laufende_verwaltung,25931,86
02,02126,false,finanzplan,finanzmittelueberschuss,-870074,86
02,02126,false,finanzplan,saldo_investitionen,-510000,86
02,02126,false,finanzplan,saldo_laufende_verwaltung,-360074,86
03,03211,false,finanzplan,auszahlungen_investitionen,1595000,87
03,03211,false,finanzplan,auszahlungen_laufende_verwaltung,551032,87
03,03211,false,finanzplan,einzahlungen_laufende_verwaltung,22590,87
03,03211,false,finanzplan,finanzmittelueberschuss,-2123442,87
03,03211,false,finanzplan,saldo_investitionen,-1595000,87
03,03211,false,finanzplan,saldo_laufende_verwaltung,-528442,87
03,03218,false,finanzplan,auszahlungen_investitionen,168100,87
03,03218,false,finanzplan,auszahlungen_laufende_verwaltung,715831,87
03,03218,false,finanzplan,einzahlungen_laufende_verwaltung,97490,87
03,03218,false,finanzplan,finanzmittelueberschuss,-786441,87
03,03218,false,finanzplan,saldo_investitionen,-168100,87
03,03218,false,finanzplan,saldo_laufende_verwaltung,-618341,87
03,03232,false,finanzplan,auszahlungen_laufende_verwaltung,2105042,88
03,03232,false,finanzplan,einzahlungen_laufende_verwaltung,1062400,88
03,03232,false,finanzplan,finanzmittelueberschuss,-1042642,88
03,03232,false,finanzplan,saldo_laufende_verwaltung,-1042642,88
03,03241,false,finanzplan,auszahlungen_laufende_verwaltung,1033215,88
03,03241,false,finanzplan,einzahlungen_laufende_verwaltung,145000,88
03,03241,false,finanzplan,finanzmittelueberschuss,-888215,88
03,03241,false,finanzplan,saldo_laufende_verwaltung,-888215,88
04,04263,false,finanzplan,auszahlungen_laufende_verwaltung,96823,89
04,04263,false,finanzplan,finanzmittelueberschuss,-96823,89
04,04263,false,finanzplan,saldo_laufende_verwaltung,-96823,89
04,04271,false,finanzplan,auszahlungen_laufende_verwaltung,68719,89
04,04271,false,finanzplan,finanzmittelueberschuss,-68719,89
04,04271,false,finanzplan,saldo_laufende_verwaltung,-68719,89
04,04272,false,finanzplan,auszahlungen_laufende_verwaltung,15207,90
04,04272,false,finanzplan,finanzmittelueberschuss,-15207,90
04,04272,false,finanzplan,saldo_laufende_verwaltung,-15207,90
04,04281,false,finanzplan,auszahlungen_investitionen,1000,90
04,04281,false,finanzplan,auszahlungen_laufende_verwaltung,308381,90
04,04281,false,finanzplan,einzahlungen_laufende_verwaltung,91468,90
04,04281,false,finanzplan,finanzmittelueberschuss,-217913,90
04,04281,false,finanzplan,saldo_investitionen,-1000,90
04,04281,false,finanzplan,saldo_laufende_verwaltung,-216913,90
05,05313,false,finanzplan,auszahlungen_laufende_verwaltung,1701021,91
05,05313,false,finanzplan,einzahlungen_laufende_verwaltung,1059000,91
05,05313,false,finanzplan,finanzmittelueberschuss,-642021,91
05,05313,false,finanzplan,saldo_laufende_verwaltung,-642021,91
05,05316,false,finanzplan,auszahlungen_laufende_verwaltung,1028734,92
05,05316,false,finanzplan,einzahlungen_laufende_verwaltung,99400,92
05,05316,false,finanzplan,finanzmittelueberschuss,-929334,92
05,05316,false,finanzplan,saldo_laufende_verwaltung,-929334,92
05,05317,false,finanzplan,auszahlungen_laufende_verwaltung,4584,92
05,05317,false,finanzplan,einzahlungen_laufende_verwaltung,4030,92
05,05317,false,finanzplan,finanzmittelueberschuss,-554,92
05,05317,false,finanzplan,saldo_laufende_verwaltung,-554,92
05,05318,false,finanzplan,auszahlungen_laufende_verwaltung,269851,93
05,05318,false,finanzplan,einzahlungen_laufende_verwaltung,221000,93
05,05318,false,finanzplan,finanzmittelueberschuss,-48851,93
05,05318,false,finanzplan,saldo_laufende_verwaltung,-48851,93
05,05333,false,finanzplan,auszahlungen_laufende_verwaltung,104858,93
05,05333,false,finanzplan,finanzmittelueberschuss,-104858,93
05,05333,false,finanzplan,saldo_laufende_verwaltung,-104858,93
05,05345,false,finanzplan,auszahlungen_laufende_verwaltung,120419,94
05,05345,false,finanzplan,einzahlungen_laufende_verwaltung,500,94
05,05345,false,finanzplan,finanzmittelueberschuss,-119919,94
05,05345,false,finanzplan,saldo_laufende_verwaltung,-119919,94
05,05351,false,finanzplan,auszahlungen_laufende_verwaltung,44169,94
05,05351,false,finanzplan,finanzmittelueberschuss,-44169,94
05,05351,false,finanzplan,saldo_laufende_verwaltung,-44169,94
05,05375,false,finanzplan,auszahlungen_laufende_verwaltung,368730,95
05,05375,false,finanzplan,einzahlungen_laufende_verwaltung,1500500,95
05,05375,false,finanzplan,finanzmittelueberschuss,1131770,95
05,05375,false,finanzplan,saldo_laufende_verwaltung,1131770,95
06,06361,false,finanzplan,auszahlungen_laufende_verwaltung,1247775,95
06,06361,false,finanzplan,einzahlungen_laufende_verwaltung,10000,95
06,06361,false,finanzplan,finanzmittelueberschuss,-1237775,95
06,06361,false,finanzplan,saldo_laufende_verwaltung,-1237775,95
06,06362,false,finanzplan,auszahlungen_laufende_verwaltung,190011,96
06,06362,false,finanzplan,finanzmittelueberschuss,-190011,96
06,06362,false,finanzplan,saldo_laufende_verwaltung,-190011,96
06,06366,false,finanzplan,auszahlungen_investitionen,65000,96
06,06366,false,finanzplan,auszahlungen_laufende_verwaltung,51759,96
06,06366,false,finanzplan,finanzmittelueberschuss,-116759,96
06,06366,false,finanzplan,saldo_investitionen,-65000,96
06,06366,false,finanzplan,saldo_laufende_verwaltung,-51759,96
07,07411,false,finanzplan,auszahlungen_laufende_verwaltung,345000,97
07,07411,false,finanzplan,finanzmittelueberschuss,-345000,97
07,07411,false,finanzplan,saldo_laufende_verwaltung,-345000,97
08,08421,false,finanzplan,auszahlungen_laufende_verwaltung,112617,97
08,08421,false,finanzplan,finanzmittelueberschuss,-112617,97
08,08421,false,finanzplan,saldo_laufende_verwaltung,-112617,97
08,08424,false,finanzplan,auszahlungen_investitionen,1473621,98
08,08424,false,finanzplan,auszahlungen_laufende_verwaltung,788608,98
08,08424,false,finanzplan,einzahlungen_laufende_verwaltung,98370,98
08,08424,false,finanzplan,finanzmittelueberschuss,-2163859,98
08,08424,false,finanzplan,saldo_investitionen,-1473621,98
08,08424,false,finanzplan,saldo_laufende_verwaltung,-690238,98
09,09511,false,finanzplan,auszahlungen_investitionen,90000,98
09,09511,false,finanzplan,auszahlungen_laufende_verwaltung,366426,98
09,09511,false,finanzplan,einzahlungen_laufende_verwaltung,40000,98
09,09511,false,finanzplan,finanzmittelueberschuss,-416426,98
09,09511,false,finanzplan,saldo_investitionen,-90000,98
09,09511,false,finanzplan,saldo_laufende_verwaltung,-326426,98
10,10521,false,finanzplan,auszahlungen_laufende_verwaltung,59550,99
10,10521,false,finanzplan,einzahlungen_laufende_verwaltung,5500,99
10,10521,false,finanzplan,finanzmittelueberschuss,-54050,99
10,10521,false,finanzplan,saldo_laufende_verwaltung,-54050,99
10,10523,false,finanzplan,auszahlungen_laufende_verwaltung,39167,100
10,10523,false,finanzplan,einzahlungen_laufende_verwaltung,6100,100
10,10523,false,finanzplan,finanzmittelueberschuss,-33067,100
10,10523,false,finanzplan,saldo_laufende_verwaltung,-33067,100
11,11531,false,finanzplan,einzahlungen_laufende_verwaltung,621200,100
11,11531,false,finanzplan,finanzmittelueberschuss,621200,100
11,11531,false,finanzplan,saldo_laufende_verwaltung,621200,100
11,11532,false,finanzplan,einzahlungen_laufende_verwaltung,36000,101
11,11532,false,finanzplan,finanzmittelueberschuss,36000,101
11,11532,false,finanzplan,saldo_laufende_verwaltung,36000,101
11,11537,false,finanzplan,auszahlungen_investitionen,115000,101
11,11537,false,finanzplan,auszahlungen_laufende_verwaltung,1417348,101
11,11537,false,finanzplan,einzahlungen_laufende_verwaltung,1514900,101
11,11537,false,finanzplan,finanzmittelueberschuss,-17448,101
11,11537,false,finanzplan,saldo_investitionen,-115000,101
11,11537,false,finanzplan,saldo_laufende_verwaltung,97552,101
11,11538,false,finanzplan,auszahlungen_investitionen,2058000,102
11,11538,false,finanzplan,auszahlungen_laufende_verwaltung,2261718,102
11,11538,false,finanzplan,einzahlungen_investitionen,1015000,102
11,11538,false,finanzplan,einzahlungen_laufende_verwaltung,5583345,102
11,11538,false,finanzplan,finanzmittelueberschuss,2278627,102
11,11538,false,finanzplan,saldo_investitionen,-1043000,102
11,11538,false,finanzplan,saldo_laufende_verwaltung,3321627,102
12,12541,false,finanzplan,auszahlungen_investitionen,2408000,102
12,12541,false,finanzplan,auszahlungen_laufende_verwaltung,1628070,102
12,12541,false,finanzplan,einzahlungen_investitionen,1671000,102
12,12541,false,finanzplan,einzahlungen_laufende_verwaltung,4000,102
12,12541,false,finanzplan,finanzmittelueberschuss,-2361070,102
12,12541,false,finanzplan,saldo_investitionen,-737000,102
12,12541,false,finanzplan,saldo_laufende_verwaltung,-1624070,102
12,12542,false,finanzplan,auszahlungen_investitionen,23000,103
12,12542,false,finanzplan,auszahlungen_laufende_verwaltung,8364,103
12,12542,false,finanzplan,finanzmittelueberschuss,-31364,103
12,12542,false,finanzplan,saldo_investitionen,-23000,103
12,12542,false,finanzplan,saldo_laufende_verwaltung,-8364,103
12,12543,false,finanzplan,auszahlungen_laufende_verwaltung,6046,103
12,12543,false,finanzplan,finanzmittelueberschuss,-6046,103
12,12543,false,finanzplan,saldo_laufende_verwaltung,-6046,103
12,12545,false,finanzplan,auszahlungen_laufende_verwaltung,31169,104
12,12545,false,finanzplan,einzahlungen_laufende_verwaltung,45521,104
12,12545,false,finanzplan,finanzmittelueberschuss,14352,104
12,12545,false,finanzplan,saldo_laufende_verwaltung,14352,104
12,12546,false,finanzplan,auszahlungen_laufende_verwaltung,5651,104
12,12546,false,finanzplan,finanzmittelueberschuss,-5651,104
12,12546,false,finanzplan,saldo_laufende_verwaltung,-5651,104
12,12547,false,finanzplan,auszahlungen_investitionen,65000,105
12,12547,false,finanzplan,auszahlungen_laufende_verwaltung,21357,105
12,12547,false,finanzplan,einzahlungen_investitionen,45000,105
12,12547,false,finanzplan,einzahlungen_laufende_verwaltung,1000,105
12,12547,false,finanzplan,finanzmittelueberschuss,-40357,105
12,12547,false,finanzplan,saldo_investitionen,-20000,105
12,12547,false,finanzplan,saldo_laufende_verwaltung,-20357,105
13,13551,false,finanzplan,auszahlungen_investitionen,6700,105
13,13551,false,finanzplan,auszahlungen_laufende_verwaltung,170373,105
13,13551,false,finanzplan,einzahlungen_investitionen,3383,105
13,13551,false,finanzplan,einzahlungen_laufende_verwaltung,69340,105
13,13551,false,finanzplan,finanzmittelueberschuss,-104350,105
13,13551,false,finanzplan,saldo_investitionen,-3317,105
13,13551,false,finanzplan,saldo_laufende_verwaltung,-101033,105
13,13552,false,finanzplan,auszahlungen_laufende_verwaltung,271421,106
13,13552,false,finanzplan,einzahlungen_laufende_verwaltung,287234,106
13,13552,false,finanzplan,finanzmittelueberschuss,15813,106
13,13552,false,finanzplan,saldo_laufende_verwaltung,15813,106
13,13553,false,finanzplan,auszahlungen_laufende_verwaltung,11248,106
13,13553,false,finanzplan,einzahlungen_laufende_verwaltung,3610,106
13,13553,false,finanzplan,finanzmittelueberschuss,-7638,106
13,13553,false,finanzplan,saldo_laufende_verwaltung,-7638,106
14,14561,false,finanzplan,auszahlungen_investitionen,465000,107
14,14561,false,finanzplan,auszahlungen_laufende_verwaltung,205358,107
14,14561,false,finanzplan,einzahlungen_investitionen,360000,107
14,14561,false,finanzplan,einzahlungen_laufende_verwaltung,48400,107
14,14561,false,finanzplan,finanzmittelueberschuss,-261958,107
14,14561,false,finanzplan,saldo_investitionen,-105000,107
14,14561,false,finanzplan,saldo_laufende_verwaltung,-156958,107
15,15571,false,finanzplan,auszahlungen_laufende_verwaltung,257307,107
15,15571,false,finanzplan,finanzmittelueberschuss,-257307,107
15,15571,false,finanzplan,saldo_laufende_verwaltung,-257307,107
15,15573,false,finanzplan,auszahlungen_finanzierung,308457,108
15,15573,false,finanzplan,auszahlungen_laufende_verwaltung,344430,108
15,15573,false,finanzplan,einzahlungen_laufende_verwaltung,452552,108
15,15573,false,finanzplan,finanzmittelueberschuss,108122,108
15,15573,false,finanzplan,saldo_finanzierung,-308457,108
15,15573,false,finanzplan,saldo_laufende_verwaltung,108122,108
15,15575,false,finanzplan,auszahlungen_investitionen,65000,108
15,15575,false,finanzplan,auszahlungen_laufende_verwaltung,26186,108
15,15575,false,finanzplan,einzahlungen_laufende_verwaltung,15500,108
15,15575,false,finanzplan,finanzmittelueberschuss,-75686,108
15,15575,false,finanzplan,saldo_investitionen,-65000,108
15,15575,false,finanzplan,saldo_laufende_verwaltung,-10686,108
16,16611,false,finanzplan,auszahlungen_laufende_verwaltung,24002000,109
16,16611,false,finanzplan,einzahlungen_investitionen,2958000,109
16,16611,false,finanzplan,einzahlungen_laufende_verwaltung,39493503,109
16,16611,false,finanzplan,finanzmittelueberschuss,18449503,109
16,16611,false,finanzplan,saldo_investitionen,2958000,109
16,16611,false,finanzplan,saldo_laufende_verwaltung,15491503,109
16,16612,false,finanzplan,auszahlungen_finanzierung,1985385,109
16,16612,false,finanzplan,auszahlungen_laufende_verwaltung,489545,109
16,16612,false,finanzplan,einzahlungen_finanzierung,17527000,109
16,16612,false,finanzplan,einzahlungen_investitionen,73100,109
16,16612,false,finanzplan,einzahlungen_laufende_verwaltung,112920,109
16,16612,false,finanzplan,finanzmittelueberschuss,-303525,109
16,16612,false,finanzplan,saldo_finanzierung,15541615,109
16,16612,false,finanzplan,saldo_investitionen,73100,109
16,16612,false,finanzplan,saldo_laufende_verwaltung,-376625,109
