ebene,code,name,eltern_code,pdf_seite_start,synthetisch
PB,01,Innere Verwaltung,,112,false
PG,01111,Verwaltungssteuerung und Service,01,116,true
P,0111101,Politik und Bürgermeister,01111,116,false
P,0111102,Zentrale Verwaltungsdienste,01111,121,false
P,0111103,Städtepartnerschaften,01111,128,false
P,0111104,Personalwesen,01111,133,false
P,0111105,Beschäftigtenvertretung,01111,139,false
P,0111106,Gleichstellung von Mann und Frau,01111,144,false
P,0111107,"Finanzwesen, Rechnungsprüfung und Versicherungsangelegenheiten",01111,148,false
P,0111108,Technikunterstützte Informationsverarbeitung,01111,154,false
P,0111109,Liegenschaftsverwaltung,01111,160,false
P,0111110,Zentrales Gebäudemangement,01111,168,false
P,0111112,Baubetriebshof,01111,177,false
PB,02,Sicherheit und Ordnung,,185,false
PG,02121,Statistik und Wahlen,02,189,true
P,0212101,Statistik und Wahlen,02121,189,false
PG,02122,Ordnungsangelegenheiten,02,194,true
P,0212201,Allgemeine Ordnungsangelegenheiten,02122,194,false
P,0212202,Personenstandswesen,02122,200,false
PG,02126,Brandschutz,02,205,true
P,0212601,Brandschutz,02126,205,false
PB,03,Schulträgeraufgaben,,213,false
PG,03211,Grundschulen,03,217,true
P,0321101,Grundschulen,03211,217,false
PG,03218,Gesamtschulen,03,228,true
P,0321801,Harkenberg Gesamtschule Hörstel,03218,228,false
PG,03232,Ganztagsbetreuung,03,237,true
P,0323201,Schulische Ganztagsbetreuung ab 2025,03232,237,false
PG,03241,Schülerbeförderung,03,243,true
P,0324101,Schülerbeförderung,03241,243,false
PB,04,Kultur und Wissenschaft,,248,false
PG,04263,Musikschule,04,252,true
P,0426301,Musikschule,04263,252,false
PG,04271,Volkshochschule,04,256,true
P,0427101,Volkshochschule,04271,256,false
PG,04272,Büchereien,04,260,true
P,0427201,Förderung der Büchereien,04272,260,false
PG,04281,Heimat- und sonstige Kulturpflege,04,264,true
P,0428101,Kultureinrichtungen,04281,264,false
P,0428102,Kulturveranstaltungen und sonstige Kulturpflege,04281,269,false
PB,05,Soziale Leistungen,,275,false
PG,05312,Grundsicherungsleistungen nach dem SGB II bis 2024,05,279,true
P,0531201,Grundsicherungsleistungen nach dem SGB II bis 2024,05312,279,false
PG,05313,Leistungen für Flüchtlinge,05,284,true
P,0531301,Leistungen für Flüchtlinge,05313,284,false
PG,05316,Leistungen für Unterkunft und Heizung (KdU) nach § 22 SGB II,05,290,true
P,0531601,Leistungen für Unterkunft und Heizung (KdU) nach § 22 SGB II ab 2025,05316,290,false
PG,05317,Leistungen für Bildung und Teilhabe nach § 28 SGB II,05,295,true
P,0531701,Leistungen für Bildung und Teilhabe nach § 28 SGB II ab 2025,05317,295,false
PG,05318,"Bürgergeld, Eingliederungsleistungen (ohne KdU)",05,299,true
P,0531801,"Bürgergeld, Eingliederungsleistungen (ohne KdU) ab 2025",05318,299,false
PG,05333,Hilfen nach dem Dritten und Vierten Kapitel SGB XII,05,304,true
P,0533301,Hilfen nach dem Dritten und Vierten Kapitel SGB XII,05333,304,false
PG,05345,Umsetzung des Wohngeldgesetzes,05,308,true
P,0534501,Umsetzung des Wohngeldgesetzes ab 2025,05345,308,false
PG,05351,Sonstige soziale Leistungen,05,312,true
P,0535101,Wohngeld bis 2024,05351,312,false
P,0535102,Sonstige soziale Leistungen,05351,316,false
PG,05375,Soziale Einrichtungen für Flüchtlinge,05,320,true
P,0537501,Soziale Einrichtungen für Flüchtlinge,05375,320,false
PB,06,"Kinder-, Jugend- und Familienhilfe",,326,false
PG,06361,Förderung von Kindern in Tageseinrichtungen,06,329,true
P,0636101,Förderung von Kindern in Tageseinrichtungen,06361,329,false
PG,06362,Jugendarbeit,06,335,true
P,0636201,Maßnahmen und Förderung der Jugendarbeit,06362,335,false
PG,06366,Einrichtungen der Jugendarbeit,06,340,true
P,0636601,Öffentliche Spiel- und Bolzplätze,06366,340,false
PB,07,Gesundheitsdienste,,346,false
PG,07411,Krankenhäuser,07,349,true
P,0741101,Krankenhäuser,07411,349,false
PB,08,Sportförderung,,353,false
PG,08421,Förderung des Sports,08,357,true
P,0842101,Förderung des Sports,08421,357,false
PG,08424,Sportstätten und Bäder,08,362,true
P,0842401,Sportfreianlagen,08424,362,false
P,0842402,Sporthallen,08424,369,false
P,0842403,Hallenbad Riesenbeck,08424,376,false
PB,09,"Räumliche Planung und Entwicklung, Geoinformation",,382,false
PG,09511,"Räumliche Planungs- und Entwicklungsmaßnahmen, Geoinformationen",09,385,true
P,0951101,"Räumliche Planungs- und Entwicklungsmaßnahmen, Geoinformationen",09511,385,false
PB,10,Bauen und Wohnen,,390,false
PG,10521,Bau- und Grundstücksordnung,10,393,true
P,1052101,Bau- und Grundstücksordnung,10521,393,false
PG,10522,Wohnungsbauförderung,10,397,true
P,1052201,Wohnungsbauförderung,10522,397,false
PG,10523,Denkmalschutz und -pflege,10,401,true
P,1052301,Denkmalschutz und -pflege,10523,401,false
PB,11,Ver- und Entsorgung,,406,false
PG,11531,Elektrizitätsversorgung,11,410,true
P,1153101,Elektrizitätsversorgung,11531,410,false
PG,11532,Gasversorgung,11,414,true
P,1153201,Gasversorgung,11532,414,false
PG,11537,Abfallbeseitigung,11,418,true
P,1153701,Abfallbeseitigung,11537,418,false
PG,11538,Abwasserbeseitigung,11,425,true
P,1153801,Öffentliche Abwasserbeseitigung,11538,425,false
P,1153802,Private Grundstücksentwässerungsanlagen,11538,438,false
PB,12,"Verkehrsflächen und -anlagen, ÖPNV",,443,false
PG,12541,Gemeindestraßen einschl. Straßenbeleuchtung,12,447,true
P,1254101,Gemeindestraßen,12541,447,false
P,1254102,Straßenbeleuchtung,12541,457,false
PG,12542,Kreisstraßen,12,463,true
P,1254201,Kreisstraßen,12542,463,false
PG,12543,Landesstraßen,12,469,true
P,1254301,Landesstraßen,12543,469,false
PG,12545,Straßenreinigung,12,473,true
P,1254501,Straßenreinigung,12545,473,false
PG,12546,Parkeinrichtungen,12,478,true
P,1254601,Park- und Stellplätze,12546,478,false
PG,12547,ÖPNV,12,483,true
P,1254701,ÖPNV,12547,483,false
PB,13,Natur- und Landschaftspflege,,488,false
PG,13551,"Öffentliches Grün, Landschaftsbau",13,492,true
P,1355101,Naherholungsgebiet Torfmoorsee,13551,492,false
P,1355102,Sonstige öffentliche Grünanlagen,13551,498,false
PG,13552,"Öffentliche Gewässer, Wasserbauliche Anlagen",13,503,true
P,1355201,"Öffentliche Gewässer, Wasserbauliche Anlagen",13552,503,false
PG,13553,Friedhofs- und Bestattungswesen,13,509,true
P,1355301,Friedhofs- und Bestattungswesen,13553,509,false
PB,14,Umweltschutz,,514,false
PG,14561,Umweltschutzmaßnahmen,14,517,true
P,1456101,Umweltschutzmaßnahmen,14561,517,false
PB,15,Wirtschaft und Tourismus,,524,false
PG,15571,Wirtschaftsförderung,15,528,true
P,1557101,Wirtschaftsförderung,15571,528,false
PG,15573,Allgemeine Einrichtungen und Unternehmen,15,534,true
P,1557301,Märkte,15573,534,false
P,1557302,Stadtwerke Tecklenburger Land,15573,540,false
PG,15575,Tourismus,15,546,true
P,1557501,Tourismus,15575,546,false
PB,16,Allgemeine Finanzwirtschaft,,552,false
PG,16611,"Steuern, allg. Zuweisungen u. allg. Umlagen",16,556,true
P,1661101,"Steuern, allg. Zuweisungen u. allg. Umlagen",16611,556,false
PG,16612,Sonstige allgemeine Finanzwirtschaft,16,562,true
P,1661201,Sonstige allgemeine Finanzwirtschaft,16612,562,false
