produkt,massnahme_id,massnahme_name,konto,konto_name,richtung,art,jahr,wertart,betrag,pdf_seite
0111102,111.02-001,Büromaschinen und Einrichtungsgegenstände,,,auszahlung,,2024,ergebnis,30819,123
0111102,111.02-001,Büromaschinen und Einrichtungsgegenstände,,,auszahlung,,2025,ansatz,30000,123
0111102,111.02-001,Büromaschinen und Einrichtungsgegenstände,,,auszahlung,,2026,ansatz,30000,123
0111102,111.02-001,Büromaschinen und Einrichtungsgegenstände,,,auszahlung,,2027,planung,30000,123
0111102,111.02-001,Büromaschinen und Einrichtungsgegenstände,,,auszahlung,,2028,planung,30000,123
0111102,111.02-001,Büromaschinen und Einrichtungsgegenstände,,,auszahlung,,2029,planung,30000,123
0111102,111.02-002,Anschaffung von Elektrofahrzeugen und Ladestationen,,,einzahlung,,2024,ergebnis,18160,123
0111102,111.02-002,Anschaffung von Elektrofahrzeugen und Ladestationen,,,auszahlung,,2024,ergebnis,89395,123
0111102,111.02-003,Anschaffung von Dienstfahrzeugen,,,auszahlung,,2024,ergebnis,21000,124
0111102,111.02-004,Neubau Verwaltungsgebäude Hörstel,,,auszahlung,,2024,ergebnis,626941,124
0111102,111.02-004,Neubau Verwaltungsgebäude Hörstel,,,auszahlung,,2025,ansatz,7000000,124
0111102,111.02-004,Neubau Verwaltungsgebäude Hörstel,,,auszahlung,,2026,ansatz,12000000,124
0111102,111.02-004,Neubau Verwaltungsgebäude Hörstel,,,auszahlung,,2026,ve,250000,124
0111102,111.02-004,Neubau Verwaltungsgebäude Hörstel,,,einzahlung,,2027,planung,1010000,124
0111102,111.02-004,Neubau Verwaltungsgebäude Hörstel,,,auszahlung,,2027,planung,5350000,124
0111102,111.02-006,Zuschuss für ein Begegnungszentrum des DRK-Ortsvereins Riesenbeck,,,auszahlung,,2025,ansatz,25000,124
0111102,111.02-008,Kosten für Dokumentenausgabeboxsystem,,,auszahlung,,2026,ve,57000,124
0111102,111.02-008,Kosten für Dokumentenausgabeboxsystem,,,auszahlung,,2027,planung,57000,124
0111102,111.02/1/002,Dienstfahrzeuge-Verwaltung-,,,einzahlung,,2024,ergebnis,3000,124
0111108,111.08-001,Anschaffung von EDV-Hardware,,,auszahlung,,2024,ergebnis,13178,156
0111108,111.08-001,Anschaffung von EDV-Hardware,,,auszahlung,,2025,ansatz,15000,156
0111108,111.08-001,Anschaffung von EDV-Hardware,,,auszahlung,,2026,ansatz,82000,156
0111108,111.08-001,Anschaffung von EDV-Hardware,,,auszahlung,,2026,ve,107000,156
0111108,111.08-001,Anschaffung von EDV-Hardware,,,auszahlung,,2027,planung,127000,156
0111108,111.08-001,Anschaffung von EDV-Hardware,,,auszahlung,,2028,planung,22000,156
0111108,111.08-001,Anschaffung von EDV-Hardware,,,auszahlung,,2029,planung,24000,156
0111108,111.08-002,Anschaffung von EDV-Software,,,auszahlung,,2024,ergebnis,5640,156
0111108,111.08-002,Anschaffung von EDV-Software,,,auszahlung,,2025,ansatz,80000,156
0111108,111.08-002,Anschaffung von EDV-Software,,,auszahlung,,2026,ansatz,38000,156
0111108,111.08-002,Anschaffung von EDV-Software,,,auszahlung,,2026,ve,47000,156
0111108,111.08-002,Anschaffung von EDV-Software,,,auszahlung,,2027,planung,122000,156
0111108,111.08-002,Anschaffung von EDV-Software,,,auszahlung,,2028,planung,80000,156
0111108,111.08-002,Anschaffung von EDV-Software,,,auszahlung,,2029,planung,85000,156
0111108,111.08-003,Beteiligungen,,,auszahlung,,2024,ergebnis,1000,156
0111109,111.09-001,Grunderwerb und Grundstücksverkauf Wohnbaugelände,,,einzahlung,,2024,ergebnis,300,162
0111109,111.09-001,Grunderwerb und Grundstücksverkauf Wohnbaugelände,,,auszahlung,,2024,ergebnis,985026,162
0111109,111.09-001,Grunderwerb und Grundstücksverkauf Wohnbaugelände,,,einzahlung,,2025,ansatz,450000,162
0111109,111.09-001,Grunderwerb und Grundstücksverkauf Wohnbaugelände,,,auszahlung,,2025,ansatz,600000,162
0111109,111.09-001,Grunderwerb und Grundstücksverkauf Wohnbaugelände,,,auszahlung,,2026,ansatz,600000,162
0111109,111.09-001,Grunderwerb und Grundstücksverkauf Wohnbaugelände,,,einzahlung,,2026,ansatz,1986000,162
0111109,111.09-001,Grunderwerb und Grundstücksverkauf Wohnbaugelände,,,auszahlung,,2027,planung,800000,162
0111109,111.09-001,Grunderwerb und Grundstücksverkauf Wohnbaugelände,,,einzahlung,,2027,planung,1440000,162
0111109,111.09-001,Grunderwerb und Grundstücksverkauf Wohnbaugelände,,,auszahlung,,2028,planung,300000,162
0111109,111.09-001,Grunderwerb und Grundstücksverkauf Wohnbaugelände,,,einzahlung,,2028,planung,1650000,162
0111109,111.09-001,Grunderwerb und Grundstücksverkauf Wohnbaugelände,,,auszahlung,,2029,planung,300000,162
0111109,111.09-001,Grunderwerb und Grundstücksverkauf Wohnbaugelände,,,einzahlung,,2029,planung,460000,162
0111109,111.09-002,Grunderwerb Wohnbauflächen (Rückkauf für bereits veräußerte und Beitragszahlungen für noch nicht veräußerte Wohnbauflächen),,,auszahlung,,2026,ansatz,206000,162
0111109,111.09-003,Grunderwerb und Grundstücksverkauf Industrie- und Gewerbegebiete,,,einzahlung,,2024,ergebnis,253651,162
0111109,111.09-003,Grunderwerb und Grundstücksverkauf Industrie- und Gewerbegebiete,,,einzahlung,,2025,ansatz,200000,162
0111109,111.09-003,Grunderwerb und Grundstücksverkauf Industrie- und Gewerbegebiete,,,auszahlung,,2025,ansatz,600000,163
0111109,111.09-003,Grunderwerb und Grundstücksverkauf Industrie- und Gewerbegebiete,,,einzahlung,,2026,ansatz,200000,162
0111109,111.09-003,Grunderwerb und Grundstücksverkauf Industrie- und Gewerbegebiete,,,auszahlung,,2026,ansatz,200000,163
0111109,111.09-003,Grunderwerb und Grundstücksverkauf Industrie- und Gewerbegebiete,,,einzahlung,,2027,planung,200000,162
0111109,111.09-003,Grunderwerb und Grundstücksverkauf Industrie- und Gewerbegebiete,,,auszahlung,,2027,planung,500000,163
0111109,111.09-003,Grunderwerb und Grundstücksverkauf Industrie- und Gewerbegebiete,,,einzahlung,,2028,planung,200000,162
0111109,111.09-003,Grunderwerb und Grundstücksverkauf Industrie- und Gewerbegebiete,,,auszahlung,,2028,planung,500000,163
0111109,111.09-003,Grunderwerb und Grundstücksverkauf Industrie- und Gewerbegebiete,,,einzahlung,,2029,planung,200000,162
0111109,111.09-003,Grunderwerb und Grundstücksverkauf Industrie- und Gewerbegebiete,,,auszahlung,,2029,planung,500000,163
0111109,111.09-004,Untersuchungen Rückbaumaßnahmen Gewerbepark und Energie-Innovationspark ehem. Flugplatz Dreierwalde,,,auszahlung,,2024,ergebnis,4530,163
0111109,111.09-004,Untersuchungen Rückbaumaßnahmen Gewerbepark und Energie-Innovationspark ehem. Flugplatz Dreierwalde,,,auszahlung,,2025,ansatz,1500000,163
0111109,111.09-004,Untersuchungen Rückbaumaßnahmen Gewerbepark und Energie-Innovationspark ehem. Flugplatz Dreierwalde,,,auszahlung,,2026,ansatz,1300000,163
0111109,111.09-004,Untersuchungen Rückbaumaßnahmen Gewerbepark und Energie-Innovationspark ehem. Flugplatz Dreierwalde,,,auszahlung,,2027,planung,1500000,163
0111109,111.09-004,Untersuchungen Rückbaumaßnahmen Gewerbepark und Energie-Innovationspark ehem. Flugplatz Dreierwalde,,,auszahlung,,2028,planung,1500000,163
0111109,111.09-004,Untersuchungen Rückbaumaßnahmen Gewerbepark und Energie-Innovationspark ehem. Flugplatz Dreierwalde,,,auszahlung,,2029,planung,500000,163
0111109,111.09-005,Allgemeines Grundvermögen,,,einzahlung,,2024,ergebnis,45823,163
0111109,111.09-005,Allgemeines Grundvermögen,,,auszahlung,,2024,ergebnis,283508,163
0111109,111.09-005,Allgemeines Grundvermögen,,,auszahlung,,2026,ansatz,1300000,163
0111109,111.09-006,"Hydraul. Sanierung mehrer Durchlässe sowie Schaffung von Retentionsvolumen im Gewässersystem Dörenther Mühlenbach und nördliche Nebengewässer, Riesenbeck",,,auszahlung,,2024,ergebnis,15100,163
0111109,111.09-007,An- und Verkauf von Grundstücken zur Industrie- und Gewerbeansiedlung am ehem. Flugplatz Dreierwalde,,,einzahlung,,2028,planung,225000,163
0111109,111.09-007,An- und Verkauf von Grundstücken zur Industrie- und Gewerbeansiedlung am ehem. Flugplatz Dreierwalde,,,einzahlung,,2029,planung,375000,163
0111109,111.09-008,Erneuerung Durchlass Hörstel unter Bahnhofsgrundstück nahe Bürgerpark,,,auszahlung,,2026,ansatz,40000,163
0111109,111.09-009,Kosten für die Gewässerverohrung im Prozessionsweg in Höhe der Hausnr. 35,,,auszahlung,,2026,ansatz,100000,163
0111109,111.09-013,Grunderwerb Industrie- und Gewerbegebiete (Rückkauf für bereits veräußerte und Beitragszahlungen für noch nicht veräußerte Industrie- und Gewerbeflächen),,,auszahlung,,2026,ansatz,400000,164
0111110,111.10-001,Erneuerung der Gebäudeleittechnik,,,auszahlung,,2024,ergebnis,11557,171
0111110,111.10-001,Erneuerung der Gebäudeleittechnik,,,auszahlung,,2025,ansatz,300000,171
0111110,111.10-001,Erneuerung der Gebäudeleittechnik,,,auszahlung,,2026,ansatz,45000,171
0111110,111.10-001,Erneuerung der Gebäudeleittechnik,,,einzahlung,,2027,planung,100000,171
0111110,111.10-001,Erneuerung der Gebäudeleittechnik,,,auszahlung,,2027,planung,150000,171
0111110,111.10-001,Erneuerung der Gebäudeleittechnik,,,auszahlung,,2028,planung,150000,171
0111110,111.10-001,Erneuerung der Gebäudeleittechnik,,,auszahlung,,2029,planung,100000,171
0111110,111.10-002,Erneuerung der Gebäudeleittechnik am Sportplatz Bevergern (BgA),,,auszahlung,,2026,ansatz,28350,171
0111112,111.12-001,Beschaffung von Elektrofahrzeugen,,,einzahlung,,2024,ergebnis,3000,180
0111112,111.12-001,Beschaffung von Elektrofahrzeugen,,,auszahlung,,2024,ergebnis,47442,180
0111112,111.12-001,Beschaffung von Elektrofahrzeugen,,,einzahlung,,2025,ansatz,30000,180
0111112,111.12-001,Beschaffung von Elektrofahrzeugen,,,auszahlung,,2025,ansatz,118000,180
0111112,111.12-002,"Verkaufserlöse Fahrzeuge, Maschinen und Geräte",,,einzahlung,,2024,ergebnis,27250,180
0111112,111.12-003,"Beschaffung Fahrzeuge, Maschinen und Geräte",,,auszahlung,,2024,ergebnis,300158,180
0111112,111.12-003,"Beschaffung Fahrzeuge, Maschinen und Geräte",,,einzahlung,,2025,ansatz,2725,180
0111112,111.12-003,"Beschaffung Fahrzeuge, Maschinen und Geräte",,,auszahlung,,2025,ansatz,260000,180
0111112,111.12-003,"Beschaffung Fahrzeuge, Maschinen und Geräte",,,einzahlung,,2026,ansatz,6600,180
0111112,111.12-003,"Beschaffung Fahrzeuge, Maschinen und Geräte",,,auszahlung,,2026,ansatz,260000,180
0111112,111.12-003,"Beschaffung Fahrzeuge, Maschinen und Geräte",,,einzahlung,,2027,planung,5000,180
0111112,111.12-003,"Beschaffung Fahrzeuge, Maschinen und Geräte",,,auszahlung,,2027,planung,265000,180
0111112,111.12-003,"Beschaffung Fahrzeuge, Maschinen und Geräte",,,einzahlung,,2028,planung,5000,180
0111112,111.12-003,"Beschaffung Fahrzeuge, Maschinen und Geräte",,,auszahlung,,2028,planung,265000,180
0111112,111.12-003,"Beschaffung Fahrzeuge, Maschinen und Geräte",,,einzahlung,,2029,planung,5000,180
0111112,111.12-003,"Beschaffung Fahrzeuge, Maschinen und Geräte",,,auszahlung,,2029,planung,265000,180
0111112,111.12-004,Versicherungsleistungen für investive Schadensfälle (Baubetriebshof),,,einzahlung,,2025,ansatz,2500,181
0111112,111.12/1/001,"Maschinen und technische Anlagen, Fahrzeuge-Baubetriebshof-",,,einzahlung,,2024,ergebnis,21440,181
0212201,122.01-001,Anschaffungen zum Schutz kritischer Infrastrukturen (u.a. Notstromversorgung),,,auszahlung,,2024,ergebnis,3587,196
0212201,122.01-001,Anschaffungen zum Schutz kritischer Infrastrukturen (u.a. Notstromversorgung),,,auszahlung,,2026,ansatz,105000,196
0212601,126.01-001,Beihilfe aus der Feuerschutzsteuer,,,einzahlung,,2024,ergebnis,104828,208
0212601,126.01-001,Beihilfe aus der Feuerschutzsteuer,,,einzahlung,,2025,ansatz,100000,208
0212601,126.01-001,Beihilfe aus der Feuerschutzsteuer,,,einzahlung,,2026,ansatz,110000,208
0212601,126.01-001,Beihilfe aus der Feuerschutzsteuer,,,einzahlung,,2027,planung,110000,208
0212601,126.01-001,Beihilfe aus der Feuerschutzsteuer,,,einzahlung,,2028,planung,110000,208
0212601,126.01-001,Beihilfe aus der Feuerschutzsteuer,,,einzahlung,,2029,planung,110000,208
0212601,126.01-003,Geräte und Ausrüstungsgegenstände sowie EDV-Ausstattung für die Freiwillige Feuerwehr (Einzelbilanzierung),,,auszahlung,,2024,ergebnis,11356,208
0212601,126.01-003,Geräte und Ausrüstungsgegenstände sowie EDV-Ausstattung für die Freiwillige Feuerwehr (Einzelbilanzierung),,,auszahlung,,2025,ansatz,20000,208
0212601,126.01-003,Geräte und Ausrüstungsgegenstände sowie EDV-Ausstattung für die Freiwillige Feuerwehr (Einzelbilanzierung),,,auszahlung,,2026,ansatz,25000,208
0212601,126.01-003,Geräte und Ausrüstungsgegenstände sowie EDV-Ausstattung für die Freiwillige Feuerwehr (Einzelbilanzierung),,,auszahlung,,2027,planung,20000,208
0212601,126.01-003,Geräte und Ausrüstungsgegenstände sowie EDV-Ausstattung für die Freiwillige Feuerwehr (Einzelbilanzierung),,,auszahlung,,2028,planung,20000,208
0212601,126.01-003,Geräte und Ausrüstungsgegenstände sowie EDV-Ausstattung für die Freiwillige Feuerwehr (Einzelbilanzierung),,,auszahlung,,2029,planung,20000,208
0212601,126.01-004,Geräte und Ausrüstungsgegenstände für die Freiwillige Feuerwehr (Ersatzbeschaffung von in Festwerten bilanzierten Vermögensgegenständen),,,auszahlung,,2024,ergebnis,24660,209
0212601,126.01-004,Geräte und Ausrüstungsgegenstände für die Freiwillige Feuerwehr (Ersatzbeschaffung von in Festwerten bilanzierten Vermögensgegenständen),,,auszahlung,,2025,ansatz,52000,209
0212601,126.01-004,Geräte und Ausrüstungsgegenstände für die Freiwillige Feuerwehr (Ersatzbeschaffung von in Festwerten bilanzierten Vermögensgegenständen),,,auszahlung,,2026,ansatz,54000,209
0212601,126.01-004,Geräte und Ausrüstungsgegenstände für die Freiwillige Feuerwehr (Ersatzbeschaffung von in Festwerten bilanzierten Vermögensgegenständen),,,auszahlung,,2027,planung,56000,209
0212601,126.01-004,Geräte und Ausrüstungsgegenstände für die Freiwillige Feuerwehr (Ersatzbeschaffung von in Festwerten bilanzierten Vermögensgegenständen),,,auszahlung,,2028,planung,58000,209
0212601,126.01-004,Geräte und Ausrüstungsgegenstände für die Freiwillige Feuerwehr (Ersatzbeschaffung von in Festwerten bilanzierten Vermögensgegenständen),,,auszahlung,,2029,planung,60000,209
0212601,126.01-005,Feuerwehrfahrzeuge,,,einzahlung,,2024,ergebnis,18800,209
0212601,126.01-005,Feuerwehrfahrzeuge,,,auszahlung,,2024,ergebnis,375932,209
0212601,126.01-005,Feuerwehrfahrzeuge,,,auszahlung,,2025,ansatz,193000,209
0212601,126.01-005,Feuerwehrfahrzeuge,,,auszahlung,,2026,ansatz,0,209
0212601,126.01-005,Feuerwehrfahrzeuge,,,auszahlung,,2026,ve,650000,209
0212601,126.01-005,Feuerwehrfahrzeuge,,,auszahlung,,2027,planung,0,209
0212601,126.01-005,Feuerwehrfahrzeuge,,,auszahlung,,2028,planung,0,209
0212601,126.01-005,Feuerwehrfahrzeuge,,,auszahlung,,2029,planung,0,209
0212601,126.01-006,Kosten für die Beschaffung von verschlüsselten Funkmeldeempfängern,,,auszahlung,,2024,ergebnis,71928,209
0212601,126.01-007,Kosten für die Neuanschaffung von Atemschutzgeräten,,,auszahlung,,2026,ansatz,37000,209
0212601,126.01-007,Kosten für die Neuanschaffung von Atemschutzgeräten,,,auszahlung,,2027,planung,42000,209
0212601,126.01-007,Kosten für die Neuanschaffung von Atemschutzgeräten,,,auszahlung,,2028,planung,34000,209
0212601,126.01-008,Anschaffung eines HLF 20 für den Löschzug Riesenbeck,,,auszahlung,,2026,ansatz,329000,209
0212601,126.01-009,Anschaffung eines TLF 4000 für den Löschzug Hörstel,,,auszahlung,,2026,ansatz,175000,209
0212601,126.01-009,Anschaffung eines TLF 4000 für den Löschzug Hörstel,,,auszahlung,,2027,planung,220000,209
0212601,126.01-010,Anschaffung eines MTW für den Löschzug Bevergern,,,auszahlung,,2028,planung,100000,209
0212601,126.01-011,Anschaffung eines LF 20 für den Löschzug Bevergern,,,auszahlung,,2027,planung,325000,209
0212601,126.01-011,Anschaffung eines LF 20 für den Löschzug Bevergern,,,auszahlung,,2029,planung,325000,209
0212601,126.01/1/002,Feuerwehrfahrzeuge,,,einzahlung,,2024,ergebnis,1522,209
0321101,211.01-001,Landeszuweisung Förderrichtlinie Ganztag,,,einzahlung,,2025,ansatz,833376,221
0321101,211.01-002,Sanierung Küche/Mensa Offene Ganztagsschule Riesenbeck,,,auszahlung,,2025,ansatz,15000,221
0321101,211.01-002,Sanierung Küche/Mensa Offene Ganztagsschule Riesenbeck,,,auszahlung,,2026,ansatz,610000,221
0321101,211.01-003,Schuleinrichtungsgegenstände,,,auszahlung,,2024,ergebnis,3935,221
0321101,211.01-003,Schuleinrichtungsgegenstände,,,auszahlung,,2025,ansatz,10000,221
0321101,211.01-003,Schuleinrichtungsgegenstände,,,auszahlung,,2026,ansatz,43000,221
0321101,211.01-003,Schuleinrichtungsgegenstände,,,auszahlung,,2027,planung,11000,221
0321101,211.01-003,Schuleinrichtungsgegenstände,,,auszahlung,,2028,planung,11000,221
0321101,211.01-003,Schuleinrichtungsgegenstände,,,auszahlung,,2029,planung,11000,221
0321101,211.01-004,Einrichtungsgegenstände Offene Ganztagsschule Bevergern,,,auszahlung,,2024,ergebnis,2847,221
0321101,211.01-004,Einrichtungsgegenstände Offene Ganztagsschule Bevergern,,,auszahlung,,2025,ansatz,2000,221
0321101,211.01-004,Einrichtungsgegenstände Offene Ganztagsschule Bevergern,,,auszahlung,,2026,ansatz,34000,221
0321101,211.01-005,"Schuleinrichtungsgegenstände St.-Ludgerus-Grundschule Hörstel im Rahmen des Umbaus Mittel ""Gute Schule 2020""",,,auszahlung,,2024,ergebnis,86689,222
0321101,211.01-006,Schuleinrichtungsgegenstände St.-Ludgerus-Grundschule Hörstel im Rahmen der Umbaumaßnahmen,,,auszahlung,,2024,ergebnis,187398,222
0321101,211.01-006,Schuleinrichtungsgegenstände St.-Ludgerus-Grundschule Hörstel im Rahmen der Umbaumaßnahmen,,,auszahlung,,2025,ansatz,100000,222
0321101,211.01-008,Umbau Schulhof St.-Anna-Grundschule Dreierwalde,,,auszahlung,,2024,ergebnis,11101,222
0321101,211.01-009,Digitalpakt Schule,,,einzahlung,,2024,ergebnis,10558,222
0321101,211.01-009,Digitalpakt Schule,,,auszahlung,,2024,ergebnis,12699,222
0321101,211.01-010,Erweiterung St.-Antonius-Grundschule Bevergern,,,auszahlung,,2024,ergebnis,1526,222
0321101,211.01-013,Erweiterung St.-Ludgerus-Grundschule Hörstel,,,auszahlung,,2024,ergebnis,1298820,222
0321101,211.01-014,Versicherungsleistungen für investive Schadensfälle,,,einzahlung,,2025,ansatz,1,222
0321101,211.01-015,Energetische Sanierung St.-Ludgerus-Grundschule Hörstel,,,auszahlung,,2024,ergebnis,19397,222
0321101,211.01-015,Energetische Sanierung St.-Ludgerus-Grundschule Hörstel,,,auszahlung,,2025,ansatz,750000,222
0321101,211.01-015,Energetische Sanierung St.-Ludgerus-Grundschule Hörstel,,,auszahlung,,2026,ansatz,300000,222
0321101,211.01-015,Energetische Sanierung St.-Ludgerus-Grundschule Hörstel,,,auszahlung,,2026,ve,4750000,222
0321101,211.01-015,Energetische Sanierung St.-Ludgerus-Grundschule Hörstel,,,auszahlung,,2027,planung,3000000,222
0321101,211.01-015,Energetische Sanierung St.-Ludgerus-Grundschule Hörstel,,,auszahlung,,2028,planung,1750000,222
0321101,211.01-016,Sanierung Schulhof St.-Ludgerus-Grundschule Hörstel,,,auszahlung,,2028,planung,100000,223
0321101,211.01-016,Sanierung Schulhof St.-Ludgerus-Grundschule Hörstel,,,auszahlung,,2029,planung,500000,223
0321101,211.01-017,Sanierung des Soccerfeldes an der St.-Ludgerus-Grundschule Hörstel,,,auszahlung,,2025,ansatz,105000,223
0321101,211.01-018,Ersatzbeschaffung v. Spielgeräten auf den Schulhöfen der Grundschulen,,,auszahlung,,2025,ansatz,30000,223
0321101,211.01-018,Ersatzbeschaffung v. Spielgeräten auf den Schulhöfen der Grundschulen,,,auszahlung,,2026,ansatz,15000,223
0321101,211.01-018,Ersatzbeschaffung v. Spielgeräten auf den Schulhöfen der Grundschulen,,,auszahlung,,2027,planung,15000,223
0321101,211.01-019,Planungskosten Umsetzung Schulentwicklungsplanung,,,auszahlung,,2025,ansatz,300000,223
0321101,211.01-020,Erweiterung der Grundschule St.-Anna-Grundschule Dreierwalde (Container),,,auszahlung,,2026,ansatz,190000,223
0321101,211.01-021,Umsetzung Schulentwicklungskonzept St.-Antonius-Grundschule Bevergern,,,auszahlung,,2026,ansatz,300000,223
0321101,211.01-022,Ersatzbeschaffungen im Rahmen des Medienentwicklungsplans,,,auszahlung,,2026,ansatz,103000,223
0321101,211.01-022,Ersatzbeschaffungen im Rahmen des Medienentwicklungsplans,,,auszahlung,,2027,planung,117000,223
0321101,211.01-022,Ersatzbeschaffungen im Rahmen des Medienentwicklungsplans,,,auszahlung,,2028,planung,103000,223
0321101,211.01-022,Ersatzbeschaffungen im Rahmen des Medienentwicklungsplans,,,auszahlung,,2029,planung,103000,223
0321801,218.01-001,Schuleinrichtungsgegenstände,,,auszahlung,,2024,ergebnis,12526,231
0321801,218.01-001,Schuleinrichtungsgegenstände,,,auszahlung,,2025,ansatz,20500,231
0321801,218.01-001,Schuleinrichtungsgegenstände,,,auszahlung,,2026,ansatz,20000,231
0321801,218.01-001,Schuleinrichtungsgegenstände,,,auszahlung,,2027,planung,6500,231
0321801,218.01-001,Schuleinrichtungsgegenstände,,,auszahlung,,2028,planung,6500,231
0321801,218.01-001,Schuleinrichtungsgegenstände,,,auszahlung,,2029,planung,6500,231
0321801,218.01-002,Einrichtungsgegenstände der Mensa (Einzelbilanzierung) - netto -(BgA),,,auszahlung,,2024,ergebnis,1074,231
0321801,218.01-002,Einrichtungsgegenstände der Mensa (Einzelbilanzierung) - netto -(BgA),,,auszahlung,,2025,ansatz,2500,231
0321801,218.01-002,Einrichtungsgegenstände der Mensa (Einzelbilanzierung) - netto -(BgA),,,auszahlung,,2026,ansatz,2500,231
0321801,218.01-002,Einrichtungsgegenstände der Mensa (Einzelbilanzierung) - netto -(BgA),,,auszahlung,,2027,planung,2500,231
0321801,218.01-002,Einrichtungsgegenstände der Mensa (Einzelbilanzierung) - netto -(BgA),,,auszahlung,,2028,planung,2500,231
0321801,218.01-002,Einrichtungsgegenstände der Mensa (Einzelbilanzierung) - netto -(BgA),,,auszahlung,,2029,planung,2500,231
0321801,218.01-004,Bibliothek und Mediothek (Ersatzbeschaffung der als Festwert bilanzierten Bestände),,,auszahlung,,2025,ansatz,2600,231
0321801,218.01-004,Bibliothek und Mediothek (Ersatzbeschaffung der als Festwert bilanzierten Bestände),,,auszahlung,,2026,ansatz,2600,231
0321801,218.01-004,Bibliothek und Mediothek (Ersatzbeschaffung der als Festwert bilanzierten Bestände),,,auszahlung,,2027,planung,2600,231
0321801,218.01-004,Bibliothek und Mediothek (Ersatzbeschaffung der als Festwert bilanzierten Bestände),,,auszahlung,,2028,planung,2600,231
0321801,218.01-004,Bibliothek und Mediothek (Ersatzbeschaffung der als Festwert bilanzierten Bestände),,,auszahlung,,2029,planung,2600,231
0321801,218.01-006,Einbau Klimaanlagen Musikräume,,,auszahlung,,2026,ansatz,40000,231
0321801,218.01-007,Betriebs- und Geschäftsausstattung-Gesamtschule-,,,auszahlung,,2026,ansatz,103000,232
0321801,218.01-007,Betriebs- und Geschäftsausstattung-Gesamtschule-,,,auszahlung,,2027,planung,117000,232
0321801,218.01-007,Betriebs- und Geschäftsausstattung-Gesamtschule-,,,auszahlung,,2028,planung,103000,232
0321801,218.01-007,Betriebs- und Geschäftsausstattung-Gesamtschule-,,,auszahlung,,2029,planung,103000,232
0428101,281.01-002,Einrichtungsgegenstände für Kultureinrichtungen,,,auszahlung,,2025,ansatz,1000,266
0428101,281.01-002,Einrichtungsgegenstände für Kultureinrichtungen,,,auszahlung,,2026,ansatz,1000,266
0428101,281.01-002,Einrichtungsgegenstände für Kultureinrichtungen,,,auszahlung,,2027,planung,1000,266
0428101,281.01-002,Einrichtungsgegenstände für Kultureinrichtungen,,,auszahlung,,2028,planung,1000,266
0428101,281.01-002,Einrichtungsgegenstände für Kultureinrichtungen,,,auszahlung,,2029,planung,1000,266
0537501,375.01-002,Neubau von Flüchtlingsunterkünften,,,auszahlung,,2024,ergebnis,2042969,322
0537501,375.01-004,Erwerb von Flüchtlingsunterkünften,,,auszahlung,,2024,ergebnis,353037,322
0537501,375.01-005,Maschinen und Geräte,,,auszahlung,,2024,ergebnis,4308,322
0537501,375.01-005,Maschinen und Geräte,,,auszahlung,,2025,ansatz,3000,322
0636101,361.01-001,Investitionszuschuss für den Ausbau von Kindertagesstätten,,,auszahlung,,2025,ansatz,70000,331
0636101,361.01-001,Investitionszuschuss für den Ausbau von Kindertagesstätten,,,auszahlung,,2027,planung,300000,331
0636101,361.01-002,Umbau provisorischer Kindertagesstätten,,,auszahlung,,2024,ergebnis,16194,331
0636601,366.01-001,Ersatzbeschaffung von Spielgeräten auf Kinderspielplätzen,,,auszahlung,,2024,ergebnis,63845,343
0636601,366.01-001,Ersatzbeschaffung von Spielgeräten auf Kinderspielplätzen,,,auszahlung,,2025,ansatz,60000,343
0636601,366.01-001,Ersatzbeschaffung von Spielgeräten auf Kinderspielplätzen,,,auszahlung,,2026,ansatz,65000,343
0636601,366.01-001,Ersatzbeschaffung von Spielgeräten auf Kinderspielplätzen,,,auszahlung,,2027,planung,60000,343
0636601,366.01-001,Ersatzbeschaffung von Spielgeräten auf Kinderspielplätzen,,,auszahlung,,2028,planung,50000,343
0636601,366.01-001,Ersatzbeschaffung von Spielgeräten auf Kinderspielplätzen,,,auszahlung,,2029,planung,50000,343
0636601,366.01-002,"Neugestaltung Spielplatz ""Im Wiesengrund"", Riesenbeck",,,auszahlung,,2024,ergebnis,2872,343
0636601,366.01-003,Einrichtung eines Bewegungsparks für Kinder und Jugendliche,,,einzahlung,,2024,ergebnis,12000,343
0636601,366.01-003,Einrichtung eines Bewegungsparks für Kinder und Jugendliche,,,auszahlung,,2024,ergebnis,17552,343
0636601,366.01-003,Einrichtung eines Bewegungsparks für Kinder und Jugendliche,,,einzahlung,,2025,ansatz,170000,343
0842401,424.01-002,Anschaffung eines Großflächenmähers netto-,,,auszahlung,,2025,ansatz,22500,364
0842401,424.01-003,"Beschaffung von Fahrzeugen, Maschinen und Geräten -netto-",,,auszahlung,,2024,ergebnis,1790,364
0842401,424.01-003,"Beschaffung von Fahrzeugen, Maschinen und Geräten -netto-",,,einzahlung,,2025,ansatz,315,364
0842401,424.01-003,"Beschaffung von Fahrzeugen, Maschinen und Geräten -netto-",,,auszahlung,,2025,ansatz,5000,364
0842401,424.01-003,"Beschaffung von Fahrzeugen, Maschinen und Geräten -netto-",,,auszahlung,,2026,ansatz,5000,364
0842401,424.01-003,"Beschaffung von Fahrzeugen, Maschinen und Geräten -netto-",,,auszahlung,,2027,planung,5000,364
0842401,424.01-003,"Beschaffung von Fahrzeugen, Maschinen und Geräten -netto-",,,auszahlung,,2028,planung,5000,364
0842401,424.01-003,"Beschaffung von Fahrzeugen, Maschinen und Geräten -netto-",,,auszahlung,,2029,planung,5000,364
0842401,424.01-004,Ersatzbeschaffung von Beregnungsanlagen auf den Sportanlagen netto-,,,auszahlung,,2024,ergebnis,16902,364
0842401,424.01-004,Ersatzbeschaffung von Beregnungsanlagen auf den Sportanlagen netto-,,,auszahlung,,2025,ansatz,22000,364
0842401,424.01-004,Ersatzbeschaffung von Beregnungsanlagen auf den Sportanlagen netto-,,,auszahlung,,2026,ansatz,22000,364
0842401,424.01-005,Neubau einer LED-Flutlichtanlage auf der Sportanlage Dreierwalde,,,auszahlung,,2024,ergebnis,43,365
0842401,424.01-007,Erneuerungsmaßnahmen an Sportfreianlagen -netto-,,,auszahlung,,2024,ergebnis,26330,365
0842401,424.01-007,Erneuerungsmaßnahmen an Sportfreianlagen -netto-,,,auszahlung,,2025,ansatz,20000,365
0842401,424.01-007,Erneuerungsmaßnahmen an Sportfreianlagen -netto-,,,auszahlung,,2026,ansatz,20000,365
0842401,424.01-007,Erneuerungsmaßnahmen an Sportfreianlagen -netto-,,,auszahlung,,2027,planung,20000,365
0842401,424.01-007,Erneuerungsmaßnahmen an Sportfreianlagen -netto-,,,auszahlung,,2028,planung,20000,365
0842401,424.01-007,Erneuerungsmaßnahmen an Sportfreianlagen -netto-,,,auszahlung,,2029,planung,20000,365
0842401,424.01-008,Umbau eines Rasenplatzes in einen Kunstrasenplatz auf der Sportanlage Bevergern -netto-,,,einzahlung,,2024,ergebnis,3016,365
0842401,424.01-010,"Kosten für die Umrüstung von 5 Flutlichtanlagen der Sportananlagen Bevergern, Dreierwalde, Hörstel und Riesenbeck auf LED netto-",,,auszahlung,,2024,ergebnis,34989,365
0842401,424.01-010,"Kosten für die Umrüstung von 5 Flutlichtanlagen der Sportananlagen Bevergern, Dreierwalde, Hörstel und Riesenbeck auf LED netto-",,,einzahlung,,2025,ansatz,47500,365
0842401,424.01-010,"Kosten für die Umrüstung von 5 Flutlichtanlagen der Sportananlagen Bevergern, Dreierwalde, Hörstel und Riesenbeck auf LED netto-",,,auszahlung,,2025,ansatz,160000,365
0842401,424.01-010,"Kosten für die Umrüstung von 5 Flutlichtanlagen der Sportananlagen Bevergern, Dreierwalde, Hörstel und Riesenbeck auf LED netto-",,,einzahlung,,2027,planung,19000,365
0842401,424.01-010,"Kosten für die Umrüstung von 5 Flutlichtanlagen der Sportananlagen Bevergern, Dreierwalde, Hörstel und Riesenbeck auf LED netto-",,,auszahlung,,2027,planung,64000,365
0842401,424.01-012,Erneuerungsmaßnahmen an Flutlichtanlagen auf Sportfreianlagen,,,auszahlung,,2026,ansatz,20000,365
0842401,424.01-012,Erneuerungsmaßnahmen an Flutlichtanlagen auf Sportfreianlagen,,,auszahlung,,2027,planung,10000,365
0842401,424.01-012,Erneuerungsmaßnahmen an Flutlichtanlagen auf Sportfreianlagen,,,auszahlung,,2028,planung,10000,365
0842401,424.01-013,Kosten für Behindertentoilette Sportfreianlage Bevergern,,,auszahlung,,2026,ansatz,54621,365
0842402,424.02-001,Beschaffungen für die Austattung der Sporthallen -netto-,,,auszahlung,,2025,ansatz,3000,371
0842402,424.02-001,Beschaffungen für die Austattung der Sporthallen -netto-,,,auszahlung,,2026,ansatz,3000,371
0842402,424.02-001,Beschaffungen für die Austattung der Sporthallen -netto-,,,auszahlung,,2027,planung,3000,371
0842402,424.02-001,Beschaffungen für die Austattung der Sporthallen -netto-,,,auszahlung,,2028,planung,3000,371
0842402,424.02-001,Beschaffungen für die Austattung der Sporthallen -netto-,,,auszahlung,,2029,planung,3000,371
0842402,424.02-002,"Beschaffungen Austattung ""Grüne Halle"", Riesenbeck",,,auszahlung,,2025,ansatz,1000,371
0842402,424.02-002,"Beschaffungen Austattung ""Grüne Halle"", Riesenbeck",,,auszahlung,,2026,ansatz,1000,371
0842402,424.02-002,"Beschaffungen Austattung ""Grüne Halle"", Riesenbeck",,,auszahlung,,2027,planung,1000,371
0842402,424.02-002,"Beschaffungen Austattung ""Grüne Halle"", Riesenbeck",,,auszahlung,,2028,planung,1000,371
0842402,424.02-002,"Beschaffungen Austattung ""Grüne Halle"", Riesenbeck",,,auszahlung,,2029,planung,1000,371
0842402,424.02-003,"Erweiterung Parkplatz Harkenberg-Sporthalle, Hörstel",,,auszahlung,,2024,ergebnis,2521,371
0842402,424.02-004,Sanierung St.Ludgerus-Sporthalle,,,einzahlung,,2024,ergebnis,7448,371
0842402,424.02-004,Sanierung St.Ludgerus-Sporthalle,,,auszahlung,,2024,ergebnis,32204,371
0842402,424.02-004,Sanierung St.Ludgerus-Sporthalle,,,auszahlung,,2025,ansatz,80000,371
0842402,424.02-004,Sanierung St.Ludgerus-Sporthalle,,,auszahlung,,2026,ansatz,178000,371
0842402,424.02-004,Sanierung St.Ludgerus-Sporthalle,,,auszahlung,,2027,planung,3000000,371
0842402,424.02-004,Sanierung St.Ludgerus-Sporthalle,,,einzahlung,,2028,planung,1800000,371
0842402,424.02-005,Erweiterung Parkplatz St.Ludgerus-Sporthalle,,,auszahlung,,2026,ansatz,20000,372
0842402,424.02-005,Erweiterung Parkplatz St.Ludgerus-Sporthalle,,,auszahlung,,2026,ve,130000,372
0842402,424.02-005,Erweiterung Parkplatz St.Ludgerus-Sporthalle,,,auszahlung,,2027,planung,130000,372
0842402,424.02.-006,Sanierung Harkenberg-Sporthalle,,,auszahlung,,2024,ergebnis,141897,372
0842402,424.02.-006,Sanierung Harkenberg-Sporthalle,,,auszahlung,,2025,ansatz,1800000,372
0842402,424.02.-006,Sanierung Harkenberg-Sporthalle,,,auszahlung,,2026,ansatz,1000000,372
0842402,424.02.-006,Sanierung Harkenberg-Sporthalle,,,auszahlung,,2026,ve,1000000,372
0842402,424.02.-006,Sanierung Harkenberg-Sporthalle,,,auszahlung,,2027,planung,1500000,372
0842402,424.02.-006,Sanierung Harkenberg-Sporthalle,,,auszahlung,,2028,planung,2500000,372
0842402,424.02.-006,Sanierung Harkenberg-Sporthalle,,,auszahlung,,2029,planung,1000000,372
0842402,424.02.-006,Sanierung Harkenberg-Sporthalle,,,einzahlung,,2029,planung,1656750,372
0842403,424.03-001,Anschaffung von Einrichtungsgegenständen -netto-,,,auszahlung,,2024,ergebnis,1257,378
0842403,424.03-001,Anschaffung von Einrichtungsgegenständen -netto-,,,auszahlung,,2025,ansatz,1500,378
0842403,424.03-002,Sanierung Hallenbad,,,auszahlung,,2025,ansatz,95000,378
0842403,424.03-002,Sanierung Hallenbad,,,auszahlung,,2026,ansatz,150000,378
0842403,424.03-002,Sanierung Hallenbad,,,auszahlung,,2027,planung,5400000,378
0842403,424.03-002,Sanierung Hallenbad,,,auszahlung,,2028,planung,250000,378
0842403,424.03-002,Sanierung Hallenbad,,,einzahlung,,2028,planung,3710000,378
0951101,511.01-001,Aufbau Gigabitnetz im Betreibermodell unter dem Dach der Stadtwerke Tecklenburger Land Eigenanteil Stadt Hörstel,,,auszahlung,,2024,ergebnis,329000,387
0951101,511.01-001,Aufbau Gigabitnetz im Betreibermodell unter dem Dach der Stadtwerke Tecklenburger Land Eigenanteil Stadt Hörstel,,,auszahlung,,2025,ansatz,328000,387
0951101,511.01-002,Breitbandausbau,,,auszahlung,,2026,ansatz,90000,387
1153701,537.01-001,Anschaffung von Mülltonnen für Verpackungen und Papier,,,auszahlung,,2024,ergebnis,4165,421
1153701,537.01-001,Anschaffung von Mülltonnen für Verpackungen und Papier,,,auszahlung,,2025,ansatz,15000,421
1153701,537.01-001,Anschaffung von Mülltonnen für Verpackungen und Papier,,,auszahlung,,2026,ansatz,15000,421
1153701,537.01-001,Anschaffung von Mülltonnen für Verpackungen und Papier,,,auszahlung,,2027,planung,15000,421
1153701,537.01-001,Anschaffung von Mülltonnen für Verpackungen und Papier,,,auszahlung,,2028,planung,15000,421
1153701,537.01-001,Anschaffung von Mülltonnen für Verpackungen und Papier,,,auszahlung,,2029,planung,15000,421
1153701,537.01-002,Anschaffung von Unterfluranlagen für die Altglasentsorgung,,,auszahlung,,2024,ergebnis,35046,421
1153701,537.01-002,Anschaffung von Unterfluranlagen für die Altglasentsorgung,,,auszahlung,,2025,ansatz,80000,421
1153701,537.01-002,Anschaffung von Unterfluranlagen für die Altglasentsorgung,,,auszahlung,,2026,ansatz,100000,421
1153701,537.01-002,Anschaffung von Unterfluranlagen für die Altglasentsorgung,,,auszahlung,,2027,planung,60000,421
1153701,537.01-002,Anschaffung von Unterfluranlagen für die Altglasentsorgung,,,auszahlung,,2028,planung,60000,421
1153701,537.01-002,Anschaffung von Unterfluranlagen für die Altglasentsorgung,,,auszahlung,,2029,planung,60000,421
1153801,538.01-1-001,Anteilige Erschließungsbeitragseinnahmen,,,einzahlung,,2024,ergebnis,4729,428
1153801,538.01-1-001,Anteilige Erschließungsbeitragseinnahmen,,,einzahlung,,2025,ansatz,50000,428
1153801,538.01-1-001,Anteilige Erschließungsbeitragseinnahmen,,,einzahlung,,2026,ansatz,65000,428
1153801,538.01-1-001,Anteilige Erschließungsbeitragseinnahmen,,,einzahlung,,2027,planung,60000,428
1153801,538.01-1-001,Anteilige Erschließungsbeitragseinnahmen,,,einzahlung,,2028,planung,38000,428
1153801,538.01-1-001,Anteilige Erschließungsbeitragseinnahmen,,,einzahlung,,2029,planung,16000,428
1153801,538.01-1-002,Kanalanschlussbeiträge,,,einzahlung,,2024,ergebnis,371468,428
1153801,538.01-1-002,Kanalanschlussbeiträge,,,einzahlung,,2025,ansatz,390000,428
1153801,538.01-1-002,Kanalanschlussbeiträge,,,einzahlung,,2026,ansatz,950000,428
1153801,538.01-1-002,Kanalanschlussbeiträge,,,einzahlung,,2027,planung,490000,428
1153801,538.01-1-002,Kanalanschlussbeiträge,,,einzahlung,,2028,planung,490000,428
1153801,538.01-1-002,Kanalanschlussbeiträge,,,einzahlung,,2029,planung,315000,428
1153801,538.01-1-003,Kanalanschlussbeiträge Grundstücke Gewerbe- und Energieinnovationspark ehem. Flugplatz Dreierwalde,,,einzahlung,,2028,planung,450000,428
1153801,538.01-1-003,Kanalanschlussbeiträge Grundstücke Gewerbe- und Energieinnovationspark ehem. Flugplatz Dreierwalde,,,einzahlung,,2029,planung,750000,428
1153801,538.01-1-004,"Beschaffung von Fahrzeugen, Maschinen und Geräten für die Abwasserbeseitigung",,,auszahlung,,2024,ergebnis,4222,429
1153801,538.01-1-004,"Beschaffung von Fahrzeugen, Maschinen und Geräten für die Abwasserbeseitigung",,,auszahlung,,2025,ansatz,5000,429
1153801,538.01-1-004,"Beschaffung von Fahrzeugen, Maschinen und Geräten für die Abwasserbeseitigung",,,auszahlung,,2026,ansatz,5000,429
1153801,538.01-1-004,"Beschaffung von Fahrzeugen, Maschinen und Geräten für die Abwasserbeseitigung",,,auszahlung,,2027,planung,5000,429
1153801,538.01-1-004,"Beschaffung von Fahrzeugen, Maschinen und Geräten für die Abwasserbeseitigung",,,auszahlung,,2028,planung,5000,429
1153801,538.01-1-004,"Beschaffung von Fahrzeugen, Maschinen und Geräten für die Abwasserbeseitigung",,,auszahlung,,2029,planung,5000,429
1153801,538.01-1-007,"Installation Notstromversorgung Hauptpumpwerke Bevergern und Riesenbeck, des Zwischenpumpwerkes Uthuiser Straße und des Pumpwerkes Schultenortstraße",,,auszahlung,,2024,ergebnis,649323,429
1153801,538.01-1-008,Grundstücksanschlüsse für die Abwasserbeseitigung,,,auszahlung,,2024,ergebnis,76507,429
1153801,538.01-1-008,Grundstücksanschlüsse für die Abwasserbeseitigung,,,auszahlung,,2025,ansatz,100000,429
1153801,538.01-1-008,Grundstücksanschlüsse für die Abwasserbeseitigung,,,auszahlung,,2026,ansatz,80000,429
1153801,538.01-1-008,Grundstücksanschlüsse für die Abwasserbeseitigung,,,auszahlung,,2027,planung,80000,429
1153801,538.01-1-008,Grundstücksanschlüsse für die Abwasserbeseitigung,,,auszahlung,,2028,planung,80000,429
1153801,538.01-1-008,Grundstücksanschlüsse für die Abwasserbeseitigung,,,auszahlung,,2029,planung,80000,429
1153801,538.01-1-009,Planungskosten für Abwassermaßnahmen,,,auszahlung,,2024,ergebnis,3699,429
1153801,538.01-1-009,Planungskosten für Abwassermaßnahmen,,,auszahlung,,2025,ansatz,25000,429
1153801,538.01-1-009,Planungskosten für Abwassermaßnahmen,,,auszahlung,,2026,ansatz,25000,429
1153801,538.01-1-009,Planungskosten für Abwassermaßnahmen,,,auszahlung,,2027,planung,25000,429
1153801,538.01-1-009,Planungskosten für Abwassermaßnahmen,,,auszahlung,,2028,planung,25000,429
1153801,538.01-1-009,Planungskosten für Abwassermaßnahmen,,,auszahlung,,2029,planung,25000,429
1153801,538.01-1-010,Verlängerung von Kanälen zur Erschließung von Einzelbaumaßnahmen,,,auszahlung,,2024,ergebnis,28290,429
1153801,538.01-1-010,Verlängerung von Kanälen zur Erschließung von Einzelbaumaßnahmen,,,auszahlung,,2025,ansatz,30000,429
1153801,538.01-1-010,Verlängerung von Kanälen zur Erschließung von Einzelbaumaßnahmen,,,auszahlung,,2026,ansatz,50000,429
1153801,538.01-1-010,Verlängerung von Kanälen zur Erschließung von Einzelbaumaßnahmen,,,auszahlung,,2027,planung,50000,429
1153801,538.01-1-010,Verlängerung von Kanälen zur Erschließung von Einzelbaumaßnahmen,,,auszahlung,,2028,planung,50000,429
1153801,538.01-1-010,Verlängerung von Kanälen zur Erschließung von Einzelbaumaßnahmen,,,auszahlung,,2029,planung,50000,429
1153801,538.01-1-011,Sanierung von Anlagen der Abwasserbeseitigung,,,auszahlung,,2024,ergebnis,106993,429
1153801,538.01-1-011,Sanierung von Anlagen der Abwasserbeseitigung,,,auszahlung,,2025,ansatz,50000,429
1153801,538.01-1-011,Sanierung von Anlagen der Abwasserbeseitigung,,,auszahlung,,2026,ansatz,100000,429
1153801,538.01-1-011,Sanierung von Anlagen der Abwasserbeseitigung,,,auszahlung,,2027,planung,100000,429
1153801,538.01-1-011,Sanierung von Anlagen der Abwasserbeseitigung,,,auszahlung,,2028,planung,100000,429
1153801,538.01-1-011,Sanierung von Anlagen der Abwasserbeseitigung,,,auszahlung,,2029,planung,100000,429
1153801,538.01-1-012,SW-Anschlüsse im Außenbereich,,,auszahlung,,2024,ergebnis,70039,429
1153801,538.01-1-012,SW-Anschlüsse im Außenbereich,,,auszahlung,,2025,ansatz,78000,429
1153801,538.01-1-012,SW-Anschlüsse im Außenbereich,,,auszahlung,,2026,ansatz,78000,429
1153801,538.01-1-012,SW-Anschlüsse im Außenbereich,,,auszahlung,,2027,planung,78000,429
1153801,538.01-1-012,SW-Anschlüsse im Außenbereich,,,auszahlung,,2028,planung,78000,429
1153801,538.01-1-012,SW-Anschlüsse im Außenbereich,,,auszahlung,,2029,planung,78000,429
1153801,538.01-1-013,Aufstellung eines Generalentwässerungsplanes,,,auszahlung,,2025,ansatz,8000,429
1153801,538.01-2-003,Erneuerung der Abwasserdruckrohrleitung Riesenbeck-Bevergern,,,auszahlung,,2024,ergebnis,260315,430
1153801,538.01-2-005,"SW- und RW-Kanal Baugebiet Zum Hügel II, Bevergern",,,auszahlung,,2025,ansatz,365000,430
1153801,538.01-2-007,"Entwässerung Gewerbegebiet Kreimershoek, Bevergern",,,auszahlung,,2026,ansatz,60000,430
1153801,538.01-2-008,Erneuerung der Abwasserdruckrohrleitung Bevergern-Hörstel,,,auszahlung,,2026,ansatz,200000,430
1153801,538.01-2-009,RW Kanal Stichstraße Heckenrosenstraße Bevergern,,,auszahlung,,2024,ergebnis,39291,430
1153801,538.01-2-011,"Änderung der RW-Kanalisation ""In der Landwehr"", Bevergern",,,auszahlung,,2026,ansatz,100000,430
1153801,538.01-3-001,"Entwässerungsmäßige Erschließung des ehemaligen Flugplatzes Dreierwalde, I. BA",,,auszahlung,,2024,ergebnis,118508,430
1153801,538.01-3-003,"Entwässerungsmäßige Erschließung Gewerbepark ehem. Flugplatz Dreierwalde, II. BA",,,auszahlung,,2026,ve,1000000,430
1153801,538.01-3-003,"Entwässerungsmäßige Erschließung Gewerbepark ehem. Flugplatz Dreierwalde, II. BA",,,auszahlung,,2027,planung,500000,430
1153801,538.01-3-003,"Entwässerungsmäßige Erschließung Gewerbepark ehem. Flugplatz Dreierwalde, II. BA",,,auszahlung,,2028,planung,500000,430
1153801,538.01-3-005,Neubau Hauptpumpwerk Dreierwalde,,,auszahlung,,2027,planung,1000000,431
1153801,538.01-3-005,Neubau Hauptpumpwerk Dreierwalde,,,auszahlung,,2028,planung,365000,431
1153801,538.01-3-006,Verlegung SW und RW-Kanal wegen Neubau Hauptpumpwerk Dreierwalde,,,auszahlung,,2027,planung,50000,431
1153801,538.01-3-006,Verlegung SW und RW-Kanal wegen Neubau Hauptpumpwerk Dreierwalde,,,auszahlung,,2028,planung,550000,431
1153801,538.01-3-009,SW- und RW-Kanal Energie-Innovationspark ehem. Flugplatz Dreierwalde,,,auszahlung,,2026,ve,1500000,431
1153801,538.01-3-009,SW- und RW-Kanal Energie-Innovationspark ehem. Flugplatz Dreierwalde,,,auszahlung,,2027,planung,750000,431
1153801,538.01-3-009,SW- und RW-Kanal Energie-Innovationspark ehem. Flugplatz Dreierwalde,,,auszahlung,,2028,planung,750000,431
1153801,538.01-3-010,Verlängerung SW-Kanal Knüwenstr. im Zuge der Privaterschließung des alten Sportplatzes in Dreierwalde,,,auszahlung,,2024,ergebnis,5360,431
1153801,538.01-3-010,Verlängerung SW-Kanal Knüwenstr. im Zuge der Privaterschließung des alten Sportplatzes in Dreierwalde,,,auszahlung,,2027,planung,235000,431
1153801,538.01-4-002,"Erneuerung Maschinentechnik und bauliche Sanierung SW-Pumpwerk Poggenortstraße, Hörstel",,,auszahlung,,2025,ansatz,270000,431
1153801,538.01-4-002,"Erneuerung Maschinentechnik und bauliche Sanierung SW-Pumpwerk Poggenortstraße, Hörstel",,,auszahlung,,2026,ansatz,425000,431
1153801,538.01-4-006,"SW- und RW-Kanal Baugebiet ""Uferquartier"", Hörstel",,,auszahlung,,2024,ergebnis,200534,431
1153801,538.01-4-006,"SW- und RW-Kanal Baugebiet ""Uferquartier"", Hörstel",,,auszahlung,,2025,ansatz,185000,431
1153801,538.01-4-008,"Erneuerung RW-Kanal Schüllerweg, Hörstel",,,auszahlung,,2024,ergebnis,5334,431
1153801,538.01-4-008,"Erneuerung RW-Kanal Schüllerweg, Hörstel",,,auszahlung,,2025,ansatz,170000,431
1153801,538.01-4-009,Sanierung Regenwasserbehandlung Industriegebiet Hörstel,,,auszahlung,,2026,ansatz,50000,431
1153801,538.01-5-002,"Hydraulische Sanierung RW-Kanal Bevergerner Straße / Emsdettener Straße / Wegenerstraße / Surenburger Straße, Riesenbeck",,,auszahlung,,2024,ergebnis,864639,432
1153801,538.01-5-002,"Hydraulische Sanierung RW-Kanal Bevergerner Straße / Emsdettener Straße / Wegenerstraße / Surenburger Straße, Riesenbeck",,,auszahlung,,2025,ansatz,425000,432
1153801,538.01-5-002,"Hydraulische Sanierung RW-Kanal Bevergerner Straße / Emsdettener Straße / Wegenerstraße / Surenburger Straße, Riesenbeck",,,auszahlung,,2026,ansatz,425000,432
1153801,538.01-5-002,"Hydraulische Sanierung RW-Kanal Bevergerner Straße / Emsdettener Straße / Wegenerstraße / Surenburger Straße, Riesenbeck",,,auszahlung,,2027,planung,550000,432
1153801,538.01-5-002,"Hydraulische Sanierung RW-Kanal Bevergerner Straße / Emsdettener Straße / Wegenerstraße / Surenburger Straße, Riesenbeck",,,auszahlung,,2028,planung,550000,432
1153801,538.01-5-002,"Hydraulische Sanierung RW-Kanal Bevergerner Straße / Emsdettener Straße / Wegenerstraße / Surenburger Straße, Riesenbeck",,,auszahlung,,2029,planung,450000,432
1153801,538.01-5-003,"Erneuerung SW-Kanal Bereich Pumpwerk Surenburger Straße, Riesenbeck",,,auszahlung,,2024,ergebnis,290495,432
1153801,538.01-5-004,"SW-Anschluss Bergeshöveder Straße, Riesenbeck",,,auszahlung,,2024,ergebnis,16827,432
1153801,538.01-5-005,"Umlegung SW-Kanal Kreuzungsbereich Saerbecker Damm / Münsterstraße, Riesenbeck",,,auszahlung,,2024,ergebnis,36045,432
1153801,538.01-5-006,"Erneuerung SW-Kanal Wegenerstraße, Riesenbeck",,,auszahlung,,2024,ergebnis,21824,432
1153801,538.01-5-006,"Erneuerung SW-Kanal Wegenerstraße, Riesenbeck",,,auszahlung,,2025,ansatz,380000,432
1153801,538.01-5-006,"Erneuerung SW-Kanal Wegenerstraße, Riesenbeck",,,auszahlung,,2026,ansatz,380000,432
1153801,538.01-5-007,"SW- und RW-Kanal im Baugebiet Riesenbeck West, II. BA",,,auszahlung,,2024,ergebnis,229107,432
1153801,538.01-5-008,"SW-Anschluss Kaisereistraße / Brumleystraße, Riesenbeck",,,auszahlung,,2025,ansatz,810000,432
1153801,538.01-5-009,"SW- und RW-Kanal Baugebiet ""Südlich Riehenweg"", Riesenbeck-Birgte",,,auszahlung,,2025,ansatz,10000,432
1153801,538.01-5-009,"SW- und RW-Kanal Baugebiet ""Südlich Riehenweg"", Riesenbeck-Birgte",,,auszahlung,,2026,ansatz,10000,432
1153801,538.01-5-009,"SW- und RW-Kanal Baugebiet ""Südlich Riehenweg"", Riesenbeck-Birgte",,,auszahlung,,2027,planung,160000,432
1153801,538.01-5-010,"Druckrohrbelüftungsstationen im Druckentwässerungsnetz Heidehof / Schulkamp / Voßhaar, Riesenbeck",,,auszahlung,,2025,ansatz,70000,433
1153801,538.01-5-010,"Druckrohrbelüftungsstationen im Druckentwässerungsnetz Heidehof / Schulkamp / Voßhaar, Riesenbeck",,,auszahlung,,2026,ansatz,70000,433
1153801,538.01-5-011,"RW und SW-Kanal Ostpreußenstraße, Riesenbeck",,,auszahlung,,2025,ansatz,100000,433
1153801,538.01/1/003,"Maschinen und technische Anlagen, Fahrzeuge-Abwasserbeseitigung-",,,einzahlung,,2024,ergebnis,22087,433
1153801,538.01/1/006,Abwasserbeseitigungsmaßnahmen im Stadtteil Bevergern,,,auszahlung,,2024,ergebnis,11303,433
1254101,541.01-1-001,Erschließungsbeiträge (Industrie- und Gewerbeflächen),,,einzahlung,,2024,ergebnis,44479,449
1254101,541.01-1-001,Erschließungsbeiträge (Industrie- und Gewerbeflächen),,,einzahlung,,2025,ansatz,30000,449
1254101,541.01-1-001,Erschließungsbeiträge (Industrie- und Gewerbeflächen),,,einzahlung,,2026,ansatz,26000,449
1254101,541.01-1-001,Erschließungsbeiträge (Industrie- und Gewerbeflächen),,,einzahlung,,2027,planung,26000,449
1254101,541.01-1-001,Erschließungsbeiträge (Industrie- und Gewerbeflächen),,,einzahlung,,2028,planung,26000,449
1254101,541.01-1-001,Erschließungsbeiträge (Industrie- und Gewerbeflächen),,,einzahlung,,2029,planung,26000,449
1254101,541.01-1-003,Erschließungsbeiträge (Abschlusszahlungen),,,einzahlung,,2024,ergebnis,6045,449
1254101,541.01-1-004,Erschließungsbeiträge (Vorauszahlungen),,,einzahlung,,2024,ergebnis,600,449
1254101,541.01-1-005,Ausbau von Wirtschaftswegen,,,auszahlung,,2024,ergebnis,452173,449
1254101,541.01-1-005,Ausbau von Wirtschaftswegen,,,auszahlung,,2027,planung,200000,449
1254101,541.01-1-005,Ausbau von Wirtschaftswegen,,,auszahlung,,2028,planung,200000,449
1254101,541.01-1-005,Ausbau von Wirtschaftswegen,,,auszahlung,,2029,planung,200000,449
1254101,541.01-1-006,Anteil Anlieger verkehrsberuhigende Maßnahmen,,,einzahlung,,2024,ergebnis,3600,450
1254101,541.01-1-007,Straßenbaumaßnahmen allgemein-,,,auszahlung,,2024,ergebnis,16473,450
1254101,541.01-1-007,Straßenbaumaßnahmen allgemein-,,,auszahlung,,2025,ansatz,40000,450
1254101,541.01-1-007,Straßenbaumaßnahmen allgemein-,,,auszahlung,,2026,ansatz,40000,450
1254101,541.01-1-007,Straßenbaumaßnahmen allgemein-,,,auszahlung,,2027,planung,40000,450
1254101,541.01-1-007,Straßenbaumaßnahmen allgemein-,,,auszahlung,,2028,planung,40000,450
1254101,541.01-1-007,Straßenbaumaßnahmen allgemein-,,,auszahlung,,2029,planung,40000,450
1254101,541.01-1-008,Ausbau von Fuß- und Radwegen,,,auszahlung,,2024,ergebnis,133965,450
1254101,541.01-1-009,Ausbau Rad- und Fußweg Bahnhofstr./Liekweg,,,auszahlung,,2025,ansatz,100000,450
1254101,541.01-1-009,Ausbau Rad- und Fußweg Bahnhofstr./Liekweg,,,auszahlung,,2026,ansatz,100000,450
1254101,541.01-2-004,Baustraßen im Baugebiet Zum Hügel II,,,auszahlung,,2025,ansatz,200000,450
1254101,541.01-2-004,Baustraßen im Baugebiet Zum Hügel II,,,einzahlung,,2026,ansatz,100000,450
1254101,541.01-2-004,Baustraßen im Baugebiet Zum Hügel II,,,einzahlung,,2027,planung,65000,450
1254101,541.01-2-005,"Ausbau des restlichen Teilstückes Zum Hügel und Ausbau eines Teilstücks Zum Galgenkamp, Bevergern",,,auszahlung,,2025,ansatz,15000,450
1254101,541.01-2-005,"Ausbau des restlichen Teilstückes Zum Hügel und Ausbau eines Teilstücks Zum Galgenkamp, Bevergern",,,auszahlung,,2026,ansatz,478000,450
1254101,541.01-2-006,"Wohnstraßen im Baugebiet Rodder Straße (Stüwweplacken), Bevergern",,,auszahlung,,2024,ergebnis,4283,450
1254101,541.01-2-006,"Wohnstraßen im Baugebiet Rodder Straße (Stüwweplacken), Bevergern",,,einzahlung,,2025,ansatz,75000,450
1254101,541.01-2-010,"Baustraße Stichstraße Heckenrosenstraße, Bevergern",,,auszahlung,,2024,ergebnis,34929,450
1254101,541.01-2-011,"Wohnstraßen im Baugebiet ""Zum Hügel""",,,einzahlung,,2025,ansatz,75000,450
1254101,541.01-2-011,"Wohnstraßen im Baugebiet ""Zum Hügel""",,,einzahlung,,2026,ansatz,75000,450
1254101,541.01-2-012,"Wohnstraßen im Baugebiet ""Zum Hügel"", 2. BA",,,einzahlung,,2027,planung,185000,451
1254101,541.01-2-013,"Sanierung der Gehwege im Kreuzungsbereich Holtkamp, Leineweberstr., Seilerstr., Bevergern",,,auszahlung,,2026,ansatz,140000,451
1254101,541.01-3-003,"Erschließung des ehemaligen Flugplatzes Dreierwalde, I. BA",,,auszahlung,,2024,ergebnis,83490,451
1254101,541.01-3-004,"Straßenmäßige Erschließung Energie-Innovationspark ehem. Flugplatz Dreierwalde, I. BA",,,auszahlung,,2026,ve,1800000,451
1254101,541.01-3-004,"Straßenmäßige Erschließung Energie-Innovationspark ehem. Flugplatz Dreierwalde, I. BA",,,auszahlung,,2027,planung,900000,451
1254101,541.01-3-004,"Straßenmäßige Erschließung Energie-Innovationspark ehem. Flugplatz Dreierwalde, I. BA",,,einzahlung,,2028,planung,300000,451
1254101,541.01-3-004,"Straßenmäßige Erschließung Energie-Innovationspark ehem. Flugplatz Dreierwalde, I. BA",,,auszahlung,,2028,planung,900000,451
1254101,541.01-3-004,"Straßenmäßige Erschließung Energie-Innovationspark ehem. Flugplatz Dreierwalde, I. BA",,,einzahlung,,2029,planung,500000,451
1254101,541.01-3-005,Errichtung einer Lärmschutzwand zur Abgrenzung der MRV-Klinik vom Gewerbegebiet ehem. Flugplatz Dreierwalde,,,einzahlung,,2024,ergebnis,0,451
1254101,541.01-3-005,Errichtung einer Lärmschutzwand zur Abgrenzung der MRV-Klinik vom Gewerbegebiet ehem. Flugplatz Dreierwalde,,,auszahlung,,2024,ergebnis,81925,451
1254101,541.01-3-005,Errichtung einer Lärmschutzwand zur Abgrenzung der MRV-Klinik vom Gewerbegebiet ehem. Flugplatz Dreierwalde,,,auszahlung,,2025,ansatz,100000,451
1254101,541.01-3-005,Errichtung einer Lärmschutzwand zur Abgrenzung der MRV-Klinik vom Gewerbegebiet ehem. Flugplatz Dreierwalde,,,einzahlung,,2025,ansatz,100000,451
1254101,541.01-3-005,Errichtung einer Lärmschutzwand zur Abgrenzung der MRV-Klinik vom Gewerbegebiet ehem. Flugplatz Dreierwalde,,,auszahlung,,2027,planung,3000000,451
1254101,541.01-3-005,Errichtung einer Lärmschutzwand zur Abgrenzung der MRV-Klinik vom Gewerbegebiet ehem. Flugplatz Dreierwalde,,,einzahlung,,2027,planung,3100000,451
1254101,541.01-3-006,"Wohnstraßen im Baugebiet ""Südstraße"", Dreierwalde",,,einzahlung,,2028,planung,45000,451
1254101,541.01-3-007,Neuverlegung eines Durchlasses im Bereich des Papenweges in Dreierwalde,,,auszahlung,,2025,ansatz,55000,451
1254101,541.01-3-008,"Ausbau der Wirtschaftswege Kahlenborgstr. (Teilabschnitt) und Feldkante, Dreierwalde",,,einzahlung,,2026,ansatz,550000,452
1254101,541.01-3-008,"Ausbau der Wirtschaftswege Kahlenborgstr. (Teilabschnitt) und Feldkante, Dreierwalde",,,auszahlung,,2026,ansatz,790000,452
1254101,541.01-3-009,"Straßenmäßige Erschließung Energie-Innovationspark ehem. Flugplatz Dreierwalde, II. BA",,,auszahlung,,2026,ansatz,150000,452
1254101,541.01-3-009,"Straßenmäßige Erschließung Energie-Innovationspark ehem. Flugplatz Dreierwalde, II. BA",,,auszahlung,,2026,ve,1600000,452
1254101,541.01-3-009,"Straßenmäßige Erschließung Energie-Innovationspark ehem. Flugplatz Dreierwalde, II. BA",,,auszahlung,,2027,planung,800000,452
1254101,541.01-3-009,"Straßenmäßige Erschließung Energie-Innovationspark ehem. Flugplatz Dreierwalde, II. BA",,,auszahlung,,2028,planung,800000,452
1254101,541.01-4-001,"Sanierung Fuß- und Radweg Ostenwalder Straße 38, Hörstel",,,auszahlung,,2024,ergebnis,45966,452
1254101,541.01-4-002,"Baustraßen im Baugebiet ""Uferquartier"", Hörstel",,,auszahlung,,2024,ergebnis,162049,452
1254101,541.01-4-002,"Baustraßen im Baugebiet ""Uferquartier"", Hörstel",,,einzahlung,,2025,ansatz,120000,452
1254101,541.01-4-002,"Baustraßen im Baugebiet ""Uferquartier"", Hörstel",,,einzahlung,,2026,ansatz,125000,452
1254101,541.01-4-002,"Baustraßen im Baugebiet ""Uferquartier"", Hörstel",,,einzahlung,,2027,planung,35000,452
1254101,541.01-4-002,"Baustraßen im Baugebiet ""Uferquartier"", Hörstel",,,einzahlung,,2028,planung,35000,452
1254101,541.01-5-002,"Baustraßen im Baugebiet Riesenbeck West, II. BA",,,auszahlung,,2024,ergebnis,14621,452
1254101,541.01-5-002,"Baustraßen im Baugebiet Riesenbeck West, II. BA",,,einzahlung,,2026,ansatz,210000,452
1254101,541.01-5-002,"Baustraßen im Baugebiet Riesenbeck West, II. BA",,,einzahlung,,2027,planung,210000,452
1254101,541.01-5-002,"Baustraßen im Baugebiet Riesenbeck West, II. BA",,,einzahlung,,2028,planung,210000,452
1254101,541.01-5-003,"Baustraßen im Baugebiet ""Südlich Riehenweg"", Riesenbeck-Birgte",,,auszahlung,,2025,ansatz,10000,452
1254101,541.01-5-003,"Baustraßen im Baugebiet ""Südlich Riehenweg"", Riesenbeck-Birgte",,,auszahlung,,2026,ansatz,10000,452
1254101,541.01-5-003,"Baustraßen im Baugebiet ""Südlich Riehenweg"", Riesenbeck-Birgte",,,auszahlung,,2026,ve,140000,452
1254101,541.01-5-003,"Baustraßen im Baugebiet ""Südlich Riehenweg"", Riesenbeck-Birgte",,,auszahlung,,2027,planung,140000,452
1254101,541.01-5-004,"Wohnstraßen Baugebiet ""Südl. Emsdettener Straße"", Riesenbeck",,,einzahlung,,2025,ansatz,200000,452
1254101,541.01-5-004,"Wohnstraßen Baugebiet ""Südl. Emsdettener Straße"", Riesenbeck",,,einzahlung,,2026,ansatz,200000,452
1254101,541.01-5-005,"Wohnstraßen Baugebiet Riesenbeck West, I. BA",,,auszahlung,,2026,ansatz,290000,452
1254101,541.01-5-005,"Wohnstraßen Baugebiet Riesenbeck West, I. BA",,,einzahlung,,2027,planung,165000,452
1254101,541.01-5-006,"Baustraße Ostpreußenstraße, Riesenbeck",,,auszahlung,,2025,ansatz,50000,453
1254101,541.01-5-007,"Erneuerung Wegenerstr., Riesenbeck",,,auszahlung,,2024,ergebnis,7700,453
1254101,541.01-5-007,"Erneuerung Wegenerstr., Riesenbeck",,,auszahlung,,2025,ansatz,550000,453
1254101,541.01-5-007,"Erneuerung Wegenerstr., Riesenbeck",,,auszahlung,,2026,ansatz,350000,453
1254101,541.01-5-007,"Erneuerung Wegenerstr., Riesenbeck",,,auszahlung,,2026,ve,200000,453
1254101,541.01-5-007,"Erneuerung Wegenerstr., Riesenbeck",,,auszahlung,,2027,planung,200000,453
1254101,541.01-5-007,"Erneuerung Wegenerstr., Riesenbeck",,,einzahlung,,2028,planung,800000,453
1254101,541.01-5-008,Ausbau der Wirtschaftswege Wallheckenweg (Teilabschnitt) und Brachtesendeweg (Teilabschnitt) Riesenbeck,,,einzahlung,,2025,ansatz,385000,453
1254101,541.01-5-008,Ausbau der Wirtschaftswege Wallheckenweg (Teilabschnitt) und Brachtesendeweg (Teilabschnitt) Riesenbeck,,,auszahlung,,2025,ansatz,550000,453
1254101,541.01-5-008,Ausbau der Wirtschaftswege Wallheckenweg (Teilabschnitt) und Brachtesendeweg (Teilabschnitt) Riesenbeck,,,einzahlung,,2026,ansatz,385000,453
1254101,541.01-5-009,"Straßenendausbau Teilstück Im Lerchengrund, Riesenbeck, Gewerbegebiet Postdamm",,,auszahlung,,2024,ergebnis,111006,453
1254102,541.02-001,Erneuerung und Erweiterung der Straßenbeleuchtung,,,auszahlung,,2024,ergebnis,5283,459
1254102,541.02-001,Erneuerung und Erweiterung der Straßenbeleuchtung,,,auszahlung,,2025,ansatz,10000,459
1254102,541.02-001,Erneuerung und Erweiterung der Straßenbeleuchtung,,,auszahlung,,2026,ansatz,60000,459
1254102,541.02-001,Erneuerung und Erweiterung der Straßenbeleuchtung,,,auszahlung,,2027,planung,10000,459
1254102,541.02-001,Erneuerung und Erweiterung der Straßenbeleuchtung,,,auszahlung,,2028,planung,10000,459
1254102,541.02-001,Erneuerung und Erweiterung der Straßenbeleuchtung,,,auszahlung,,2029,planung,10000,459
1254201,542.01-001,Kostenanteil am Ausbau von Kreisstraßen,,,auszahlung,,2025,ansatz,32000,466
1254201,542.01-001,Kostenanteil am Ausbau von Kreisstraßen,,,auszahlung,,2026,ansatz,23000,466
1254201,542.01-001,Kostenanteil am Ausbau von Kreisstraßen,,,auszahlung,,2027,planung,35000,466
1254201,542.01-001,Kostenanteil am Ausbau von Kreisstraßen,,,auszahlung,,2028,planung,191000,466
1254701,547.01-001,ÖPNV-Maßnahmen,,,auszahlung,,2024,ergebnis,8551,485
1254701,547.01-001,ÖPNV-Maßnahmen,,,einzahlung,,2025,ansatz,45000,485
1254701,547.01-001,ÖPNV-Maßnahmen,,,einzahlung,,2026,ansatz,45000,485
1254701,547.01-001,ÖPNV-Maßnahmen,,,auszahlung,,2026,ansatz,60000,485
1254701,547.01-002,Ersatzbeschaffung von Fahrradboxen am Bahnhof Hörstel,,,auszahlung,,2026,ansatz,5000,485
1254701,547.01-002,Ersatzbeschaffung von Fahrradboxen am Bahnhof Hörstel,,,auszahlung,,2027,planung,5000,485
1254701,547.01-002,Ersatzbeschaffung von Fahrradboxen am Bahnhof Hörstel,,,auszahlung,,2028,planung,5000,485
1254701,547.01-002,Ersatzbeschaffung von Fahrradboxen am Bahnhof Hörstel,,,auszahlung,,2029,planung,5000,485
1254701,547.01/1/001,Wartehallen für den ÖPNV,,,auszahlung,,2025,ansatz,60000,485
1355101,551.01-001,Wasserleitung Seebetriebsgebäude-Liegewiese,,,auszahlung,,2024,ergebnis,23548,494
1355101,551.01-002,Naherholungsgebiet Torfmoorsee,,,einzahlung,,2026,ansatz,3383,494
1355101,551.01-002,Naherholungsgebiet Torfmoorsee,,,auszahlung,,2026,ansatz,6700,494
1456101,561.01-001,Ausgleichsmaßnahmen für Eingriffe in Natur und Landschaft,,,auszahlung,,2024,ergebnis,156657,519
1456101,561.01-001,Ausgleichsmaßnahmen für Eingriffe in Natur und Landschaft,,,einzahlung,,2025,ansatz,0,519
1456101,561.01-001,Ausgleichsmaßnahmen für Eingriffe in Natur und Landschaft,,,auszahlung,,2025,ansatz,200000,519
1456101,561.01-001,Ausgleichsmaßnahmen für Eingriffe in Natur und Landschaft,,,einzahlung,,2026,ansatz,0,519
1456101,561.01-001,Ausgleichsmaßnahmen für Eingriffe in Natur und Landschaft,,,auszahlung,,2026,ansatz,58000,519
1456101,561.01-002,Ausgleichsmaßnahmen für den Artenschutz und ökologischer Ausgleich Gewerbegebiet und Energie-Innovationspark ehem. Flugplatz Dreierwalde,,,auszahlung,,2025,ansatz,150000,519
1456101,561.01-002,Ausgleichsmaßnahmen für den Artenschutz und ökologischer Ausgleich Gewerbegebiet und Energie-Innovationspark ehem. Flugplatz Dreierwalde,,,auszahlung,,2026,ansatz,150000,519
1456101,561.01-002,Ausgleichsmaßnahmen für den Artenschutz und ökologischer Ausgleich Gewerbegebiet und Energie-Innovationspark ehem. Flugplatz Dreierwalde,,,auszahlung,,2027,planung,150000,519
1456101,561.01-002,Ausgleichsmaßnahmen für den Artenschutz und ökologischer Ausgleich Gewerbegebiet und Energie-Innovationspark ehem. Flugplatz Dreierwalde,,,auszahlung,,2028,planung,70000,519
1456101,561.01-002,Ausgleichsmaßnahmen für den Artenschutz und ökologischer Ausgleich Gewerbegebiet und Energie-Innovationspark ehem. Flugplatz Dreierwalde,,,auszahlung,,2029,planung,50000,519
1456101,561.01-004,Spenden für die Anlegung eines Lehrgartens an der Streuobstwiese,,,einzahlung,,2024,ergebnis,-386,519
1456101,561.01-007,Pflanzen von Bäumen im innerstädtischen Bereich,,,auszahlung,,2025,ansatz,15000,519
1456101,561.01-007,Pflanzen von Bäumen im innerstädtischen Bereich,,,auszahlung,,2026,ansatz,15000,519
1456101,561.01-007,Pflanzen von Bäumen im innerstädtischen Bereich,,,auszahlung,,2027,planung,15000,519
1456101,561.01-007,Pflanzen von Bäumen im innerstädtischen Bereich,,,auszahlung,,2028,planung,15000,519
1456101,561.01-007,Pflanzen von Bäumen im innerstädtischen Bereich,,,auszahlung,,2029,planung,15000,519
1456101,561.01-009,ökologische Verbesserung der Bevergerner Aa,,,auszahlung,,2024,ergebnis,0,520
1456101,561.01-009,ökologische Verbesserung der Bevergerner Aa,,,einzahlung,,2025,ansatz,233500,520
1456101,561.01-009,ökologische Verbesserung der Bevergerner Aa,,,auszahlung,,2026,ansatz,242000,520
1456101,561.01-009,ökologische Verbesserung der Bevergerner Aa,,,einzahlung,,2026,ansatz,360000,520
1557302,573.02-003,Gewährung von Darlehen an die Stadtwerke Tecklenburger land GmbH & Co.KG,,,auszahlung,,2025,ansatz,3570000,543
1557302,573.02-004,Beteiligung an der Stadtwerke Tecklenburger Land GmbH & Co.KG,,,auszahlung,,2025,ansatz,952894,543
1557501,575.01-001,Neukonzeption Stromversorgung Wohnmobilstellplatz Riesenbeck,,,auszahlung,,2026,ansatz,65000,548
1661101,611.01-001,Allgemeine Investitionspauschale,,,einzahlung,,2024,ergebnis,1943788,558
1661101,611.01-001,Allgemeine Investitionspauschale,,,einzahlung,,2025,ansatz,2018000,558
1661101,611.01-001,Allgemeine Investitionspauschale,,,einzahlung,,2026,ansatz,2137000,558
1661101,611.01-001,Allgemeine Investitionspauschale,,,einzahlung,,2027,planung,2238000,558
1661101,611.01-001,Allgemeine Investitionspauschale,,,einzahlung,,2028,planung,2343000,558
1661101,611.01-001,Allgemeine Investitionspauschale,,,einzahlung,,2029,planung,2439000,558
1661101,611.01-002,Schulpauschale,,,einzahlung,,2024,ergebnis,661352,558
1661101,611.01-002,Schulpauschale,,,einzahlung,,2025,ansatz,678000,558
1661101,611.01-002,Schulpauschale,,,einzahlung,,2026,ansatz,738000,558
1661101,611.01-002,Schulpauschale,,,einzahlung,,2027,planung,779000,558
1661101,611.01-002,Schulpauschale,,,einzahlung,,2028,planung,816000,558
1661101,611.01-002,Schulpauschale,,,einzahlung,,2029,planung,849000,558
1661101,611.01-003,Sportpauschale,,,einzahlung,,2024,ergebnis,76883,558
1661101,611.01-003,Sportpauschale,,,einzahlung,,2025,ansatz,80000,558
1661101,611.01-003,Sportpauschale,,,einzahlung,,2026,ansatz,83000,558
1661101,611.01-003,Sportpauschale,,,einzahlung,,2027,planung,86000,558
1661101,611.01-003,Sportpauschale,,,einzahlung,,2028,planung,87000,558
1661101,611.01-003,Sportpauschale,,,einzahlung,,2029,planung,88000,558
1661101,611.01/0/001,Investitionspauschalen,,,einzahlung,,2024,ergebnis,57360,558
1661201,612.01-000,Tilgungsleistungen des FC Stella Bevergern 1911 e.V. für ein gewährtes Darlehen im Rahmen des Baus eines Kunstrasenplatzes,,,einzahlung,,2025,ansatz,10000,565
1661201,612.01-000,Tilgungsleistungen des FC Stella Bevergern 1911 e.V. für ein gewährtes Darlehen im Rahmen des Baus eines Kunstrasenplatzes,,,einzahlung,,2026,ansatz,10000,565
1661201,612.01-000,Tilgungsleistungen des FC Stella Bevergern 1911 e.V. für ein gewährtes Darlehen im Rahmen des Baus eines Kunstrasenplatzes,,,einzahlung,,2027,planung,10000,565
1661201,612.01-000,Tilgungsleistungen des FC Stella Bevergern 1911 e.V. für ein gewährtes Darlehen im Rahmen des Baus eines Kunstrasenplatzes,,,einzahlung,,2028,planung,10000,565
1661201,612.01-000,Tilgungsleistungen des FC Stella Bevergern 1911 e.V. für ein gewährtes Darlehen im Rahmen des Baus eines Kunstrasenplatzes,,,einzahlung,,2029,planung,10000,565
1661201,612.01-0008,Tilgungsleistungen der Stadtwerke Tecklenburger Land GmbH & Co. KG und der SWTE Netz GmbH & Co. KG,,,einzahlung,,2025,ansatz,9000000,565
1661201,612.01-001,Tilgungsleistungen der Hörsteler Energie GmbH für ein gewährtes Darlehen,,,einzahlung,,2025,ansatz,62000,565
1661201,612.01-001,Tilgungsleistungen der Hörsteler Energie GmbH für ein gewährtes Darlehen,,,einzahlung,,2026,ansatz,62000,565
1661201,612.01-001,Tilgungsleistungen der Hörsteler Energie GmbH für ein gewährtes Darlehen,,,einzahlung,,2027,planung,62000,565
1661201,612.01-001,Tilgungsleistungen der Hörsteler Energie GmbH für ein gewährtes Darlehen,,,einzahlung,,2028,planung,62000,565
1661201,612.01-001,Tilgungsleistungen der Hörsteler Energie GmbH für ein gewährtes Darlehen,,,einzahlung,,2029,planung,62000,565
1661201,612.01-002,Tilgungsleistungen des SV Brukteria Dreierwalde für ein gewährtes Darlehen im Rahmen des Baus eines Gymnastikraumes,,,einzahlung,,2024,ergebnis,1100,565
1661201,612.01-002,Tilgungsleistungen des SV Brukteria Dreierwalde für ein gewährtes Darlehen im Rahmen des Baus eines Gymnastikraumes,,,einzahlung,,2025,ansatz,1100,565
1661201,612.01-002,Tilgungsleistungen des SV Brukteria Dreierwalde für ein gewährtes Darlehen im Rahmen des Baus eines Gymnastikraumes,,,einzahlung,,2026,ansatz,1100,565
1661201,612.01-002,Tilgungsleistungen des SV Brukteria Dreierwalde für ein gewährtes Darlehen im Rahmen des Baus eines Gymnastikraumes,,,einzahlung,,2027,planung,2700,565
1661201,612.01-002,Tilgungsleistungen des SV Brukteria Dreierwalde für ein gewährtes Darlehen im Rahmen des Baus eines Gymnastikraumes,,,einzahlung,,2028,planung,2700,565
1661201,612.01-002,Tilgungsleistungen des SV Brukteria Dreierwalde für ein gewährtes Darlehen im Rahmen des Baus eines Gymnastikraumes,,,einzahlung,,2029,planung,2700,565
1661201,612.01/0/001,Kredit- und Finanzwirtschaft,,,einzahlung,,2024,ergebnis,83921,565
1661201,612.01/0/001,Kredit- und Finanzwirtschaft,,,auszahlung,,2024,ergebnis,9000000,565
