produkt,massnahme_id,konto,jahr,betrag,pdf_seite
0111102,,,2027,5100000,586
0111102,111.02-004,,2027,250000,586
0111102,111.02-008,,2027,57000,586
0111108,111.08-001,,2027,107000,586
0111108,111.08-002,,2027,47000,586
0212601,126.01-005,,2027,325000,586
0212601,126.01-005,,2029,325000,586
0321101,211.01-015,,2027,3000000,586
0321101,211.01-015,,2028,1750000,586
0842402,424.02-005,,2027,130000,586
0842402,424.02.-006,,2027,1000000,586
1153801,538.01-3-003,,2027,500000,586
1153801,538.01-3-003,,2028,500000,586
1153801,538.01-3-009,,2027,750000,586
1153801,538.01-3-009,,2028,750000,586
1254101,541.01-3-004,,2027,900000,586
1254101,541.01-3-004,,2028,900000,586
1254101,541.01-3-009,,2027,800000,586
1254101,541.01-3-009,,2028,800000,586
1254101,541.01-5-003,,2027,140000,586
1254101,541.01-5-007,,2027,200000,586
